Test_Size,Flaky_in_Test,NonFlaky_in_Test,PR_AUC,ROC_AUC,Precision,Recall,F1,MCC,Balanced_Accuracy,TP,FP,TN,FN,Pipeline_ID,Cleaning,Scaling,Imbalance,Model,Target_Project
1317,4,1313,0.004593784690243252,0.6091012947448591,0.0,0.0,0.0,-0.003733979351049532,0.4977151561309977,0,6,1307,4,P34_C2_S2_B1_M2,C2,S2,B1,M2,achilles
2044,32,2012,0.014742398641017744,0.4935310014910537,0.013547840812870448,0.5,0.026380873866446827,-0.019862219573058598,0.46048707753479123,16,1165,847,16,P34_C2_S2_B1_M2,C2,S2,B1,M2,activiti
187,116,71,0.9995017153661719,0.9991500728508985,1.0,0.6120689655172413,0.7593582887700535,0.6120689655172413,0.8060344827586207,71,0,71,45,P34_C2_S2_B1_M2,C2,S2,B1,M2,alluxio
324,52,272,0.474151066527772,0.8547794117647058,0.392,0.9423076923076923,0.5536723163841808,0.49986177857100017,0.8314479638009049,49,76,196,3,P34_C2_S2_B1_M2,C2,S2,B1,M2,ambari
6261,1,6260,0.00023391812865497077,0.3172523961661342,0.0,0.0,0.0,-0.0003573135333483469,0.4996006389776358,0,5,6255,1,P34_C2_S2_B1_M2,C2,S2,B1,M2,assertj-core
55,1,54,0.125,0.8703703703703703,0.0,0.0,0.0,-0.03268602252303067,0.4722222222222222,0,3,51,1,P34_C2_S2_B1_M2,C2,S2,B1,M2,commons-exec
558,3,555,0.03714732883762946,0.9057057057057056,0.0,0.0,0.0,0.0,0.5,0,0,555,3,P34_C2_S2_B1_M2,C2,S2,B1,M2,elastic-job-lite
431,145,286,0.5890760643811243,0.741692789968652,0.7272727272727273,0.05517241379310345,0.10256410256410256,0.13387127937648022,0.5223414516517965,8,3,283,137,P34_C2_S2_B1_M2,C2,S2,B1,M2,hbase
142,33,109,0.383356294458279,0.7019738671114817,0.0,0.0,0.0,-0.06576498130007899,0.4908256880733945,0,2,107,33,P34_C2_S2_B1_M2,C2,S2,B1,M2,hector
163,18,145,0.11147859105508888,0.45957854406130266,0.0,0.0,0.0,0.0,0.5,0,0,145,18,P34_C2_S2_B1_M2,C2,S2,B1,M2,http-request
712,22,690,0.40138825208883355,0.9316205533596837,0.36363636363636365,0.18181818181818182,0.24242424242424243,0.2408702559030577,0.585836627140975,4,7,683,18,P34_C2_S2_B1_M2,C2,S2,B1,M2,httpcore
2176,19,2157,0.0829738284549736,0.7905595002806041,0.4,0.10526315789473684,0.16666666666666666,0.2018305312100471,0.5519361686552962,2,3,2154,17,P34_C2_S2_B1_M2,C2,S2,B1,M2,incubator-dubbo
145,23,122,0.35091301124688834,0.8244832501781896,0.0,0.0,0.0,0.0,0.5,0,0,122,23,P34_C2_S2_B1_M2,C2,S2,B1,M2,java-websocket
212,0,212,,,1.0,,0.0,0.0,1.0,0,0,212,0,P34_C2_S2_B1_M2,C2,S2,B1,M2,jimfs
307,1,306,0.14285714285714285,0.980392156862745,0.0,0.0,0.0,-0.005678885630303184,0.4950980392156863,0,3,303,1,P34_C2_S2_B1_M2,C2,S2,B1,M2,ninja
810,100,710,0.15876368368120536,0.5599859154929577,0.0,0.0,0.0,0.0,0.5,0,0,710,100,P34_C2_S2_B1_M2,C2,S2,B1,M2,okhttp
86,7,79,0.16380023866957666,0.7396021699819167,0.0,0.0,0.0,-0.03228687493971885,0.4936708860759494,0,1,78,7,P34_C2_S2_B1_M2,C2,S2,B1,M2,orbit
183,7,176,0.11012834007157564,0.5413961038961038,0.0,0.0,0.0,-0.02981234691266075,0.48863636363636365,0,4,172,7,P34_C2_S2_B1_M2,C2,S2,B1,M2,undertow
345,2,343,0.007203565505804312,0.4037900874635568,0.0,0.0,0.0,0.0,0.5,0,0,343,2,P34_C2_S2_B1_M2,C2,S2,B1,M2,zxing
