Algorithm,Threshold_Type,MCC_Mean,MCC_Std,MCC_Median,F1_Mean,F1_Std,F1_Median,AUC_PR_Mean,AUC_PR_Std,ROC_AUC_Mean,ROC_AUC_Std,Precision_Mean,Precision_Std,Recall_Mean,Recall_Std,Balanced_Acc_Mean,MCC (Mean ± Std),F1 (Mean ± Std),AUC-PR (Mean ± Std),ROC-AUC (Mean ± Std)
Balanced_RF,Default_0.50,0.15044312165427237,0.22352540759050388,0.043839978576766914,0.17109831320320687,0.23323286066629786,0.07757757757757758,0.23863522214058225,0.295493625988222,0.7262613396312168,0.17992530034978796,0.17373022446509456,0.25443016844462446,0.3399666530932086,0.3772523055317925,0.6094017500294936,0.1504 ± 0.2235,0.1711 ± 0.2332,0.2386 ± 0.2955,0.7263 ± 0.1799
Balanced_RF,Tuned_InnerCV,0.13595952657277477,0.2478260021919224,0.003288163710681015,0.16485903724375137,0.2562664626717685,0.03021851827547739,0.23863522214058225,0.295493625988222,0.7262613396312168,0.17992530034978796,0.15661154385262777,0.25002250503084733,0.30659247568167997,0.3791582007093132,0.5804425173238399,0.1360 ± 0.2478,0.1649 ± 0.2563,0.2386 ± 0.2955,0.7263 ± 0.1799
Ensemble_Voting_Refined,Default_0.50,0.07212050619231443,0.1469102072794924,0.0,0.08561487519227946,0.1432164342442791,0.004329004329004329,0.20181553240328073,0.24537589347155217,0.7236893160369163,0.19608395434741013,0.13077471720809994,0.257841209462782,0.13062290733550944,0.2530666150310527,0.5459159171408549,0.0721 ± 0.1469,0.0856 ± 0.1432,0.2018 ± 0.2454,0.7237 ± 0.1961
Ensemble_Voting_Refined,Tuned_InnerCV,0.10422844934266588,0.17041265999803148,0.03477079228198167,0.11665771952047267,0.15925450798773866,0.040125877219440595,0.20181553240328073,0.24537589347155217,0.7236893160369163,0.19608395434741013,0.1529561033359195,0.24959040940087174,0.2809366379994343,0.3682022924023215,0.5901931023975735,0.1042 ± 0.1704,0.1167 ± 0.1593,0.2018 ± 0.2454,0.7237 ± 0.1961
ExtraTrees_Balanced,Default_0.50,0.021932533762097393,0.07947412418552528,0.0,0.02385623283227739,0.08371461818432732,0.0,0.21353479589780608,0.2789716071297161,0.7072057060797539,0.2023704682137721,0.069375,0.23560427627698102,0.01749696065428824,0.060621815763499134,0.507312121594942,0.0219 ± 0.0795,0.0239 ± 0.0837,0.2135 ± 0.2790,0.7072 ± 0.2024
ExtraTrees_Balanced,Tuned_InnerCV,0.12171131349355457,0.22621370119951648,0.028322797067282,0.14426844666818184,0.2439886918679598,0.03566880780771764,0.21353479589780608,0.2789716071297161,0.7072057060797539,0.2023704682137721,0.14112189235515724,0.2477587472582227,0.2948440522244818,0.37861565073983394,0.5821017412001579,0.1217 ± 0.2262,0.1443 ± 0.2440,0.2135 ± 0.2790,0.7072 ± 0.2024
GradientBoosting_Balanced,Default_0.50,0.14227508620107412,0.16961987128114533,0.05475387254752559,0.16193023319863142,0.19214182929226475,0.07042600344742675,0.23115092278100843,0.2652012385059711,0.7368554787507331,0.19162859068144134,0.15889727091191513,0.24022445136181755,0.45256641145888676,0.38650631956510745,0.6388584224571657,0.1423 ± 0.1696,0.1619 ± 0.1921,0.2312 ± 0.2652,0.7369 ± 0.1916
GradientBoosting_Balanced,Tuned_InnerCV,0.14331649814423342,0.18257014167184715,0.05708543712767906,0.17355334468411587,0.2070174879446128,0.08825438027255028,0.23115092278100843,0.2652012385059711,0.7368554787507331,0.19162859068144134,0.16548234621806238,0.2421904411556572,0.40998344499717193,0.3832712794924583,0.6129442771130625,0.1433 ± 0.1826,0.1736 ± 0.2070,0.2312 ± 0.2652,0.7369 ± 0.1916
LightGBM_Balanced,Default_0.50,0.10035076533091629,0.1530534069332618,0.03775396301895642,0.11669050535468244,0.1497481048667292,0.05581516095534787,0.17883088083069512,0.21526693873319414,0.6884764433579099,0.17660427830083675,0.1502826108193894,0.24107380763608544,0.2848455233424564,0.3560881963342968,0.5890921623694695,0.1004 ± 0.1531,0.1167 ± 0.1497,0.1788 ± 0.2153,0.6885 ± 0.1766
LightGBM_Balanced,Tuned_InnerCV,0.11322031318528424,0.14032842247230193,0.05895711541451075,0.12256142601538311,0.14841895139615702,0.07089201877934273,0.17883088083069512,0.21526693873319414,0.6884764433579099,0.17660427830083675,0.14252981549109417,0.24510973926291957,0.47910475083391946,0.41281886988307176,0.6284084566515308,0.1132 ± 0.1403,0.1226 ± 0.1484,0.1788 ± 0.2153,0.6885 ± 0.1766
LightGBM_Baseline,Default_0.50,0.029467819236422735,0.06311529184699138,0.0,0.03452921807183334,0.06985056365396743,0.0,0.21879645810803466,0.26220532900211135,0.7105329143365435,0.2081840221314283,0.11466940805280247,0.23319277044129624,0.05920998789260793,0.16370076377784867,0.5099071466594703,0.0295 ± 0.0631,0.0345 ± 0.0699,0.2188 ± 0.2622,0.7105 ± 0.2082
LightGBM_Baseline,Tuned_InnerCV,0.09513161433045843,0.16123149722344596,0.021222784697384797,0.11710275718586155,0.15648842974167798,0.04945054945054945,0.21879645810803466,0.26220532900211135,0.7105329143365435,0.2081840221314283,0.15447916295926542,0.2492384598953095,0.24772943728592434,0.33757799120012016,0.5782741784087487,0.0951 ± 0.1612,0.1171 ± 0.1565,0.2188 ± 0.2622,0.7105 ± 0.2082
LightGBM_SMOTE,Default_0.50,0.04464874517301371,0.10828416689985207,0.0,0.058703113896430625,0.11819386089818232,0.0,0.1919826612836772,0.23373835830473452,0.7115285667644883,0.19196946249407862,0.09688081891561466,0.22504919740578258,0.09963747646474837,0.20792520678584214,0.5236922411586175,0.0446 ± 0.1083,0.0587 ± 0.1182,0.1920 ± 0.2337,0.7115 ± 0.1920
LightGBM_SMOTE,Tuned_InnerCV,0.08149425364704109,0.1436749799443821,0.0324686500304363,0.09639390116340334,0.1488016961162712,0.037234496447585655,0.1919826612836772,0.23373835830473452,0.7115285667644883,0.19196946249407862,0.1294113019583015,0.2215542562609293,0.2668908670656255,0.34754391349531355,0.577164422031363,0.0815 ± 0.1437,0.0964 ± 0.1488,0.1920 ± 0.2337,0.7115 ± 0.1920
LogisticRegression_Balanced,Default_0.50,0.07730720727957564,0.1421903416582572,0.03484492117729397,0.1313687243299829,0.15696481595505796,0.06786837779882224,0.16283141641655793,0.1862065020921991,0.6563161242811746,0.17926565153517607,0.104093335419304,0.14263768786806896,0.51512279740525,0.370255218480903,0.5935707712030371,0.0773 ± 0.1422,0.1314 ± 0.1570,0.1628 ± 0.1862,0.6563 ± 0.1793
LogisticRegression_Balanced,Tuned_InnerCV,0.09781941231863579,0.1370315205907413,0.04776403927646845,0.1269568052415861,0.15425239964160437,0.0965288127173373,0.16283141641655793,0.1862065020921991,0.6563161242811746,0.17926565153517607,0.1571800786621072,0.24175094761565247,0.3187263122915365,0.345609152857285,0.5713664228155239,0.0978 ± 0.1370,0.1270 ± 0.1543,0.1628 ± 0.1862,0.6563 ± 0.1793
MLP_Balanced,Default_0.50,0.08941611571667606,0.21896110487803416,0.0,0.09659794715498811,0.22317022458801572,0.0,0.2062235519618595,0.289953998353073,0.6466451758116196,0.21395705123133482,0.1974056330438765,0.3538916112038055,0.1369320451388975,0.286928409178249,0.543569468659365,0.0894 ± 0.2190,0.0966 ± 0.2232,0.2062 ± 0.2900,0.6466 ± 0.2140
MLP_Balanced,Tuned_InnerCV,0.09710347090171552,0.1860353214885541,0.0,0.12491787885708866,0.2098634653488571,0.030818329970510636,0.2062235519618595,0.289953998353073,0.6466451758116196,0.21395705123133482,0.15481188330805631,0.2611994508784066,0.21251813874688172,0.3291977887029991,0.5564194529840177,0.0971 ± 0.1860,0.1249 ± 0.2099,0.2062 ± 0.2900,0.6466 ± 0.2140
RF_Balanced,Default_0.50,0.027015873629236974,0.09100338733267638,0.0,0.03484260931408736,0.10909368865216448,0.0,0.19896119534902318,0.25269361941882784,0.7148045791547394,0.20851574182721594,0.07833994708994708,0.22180238354467455,0.036809903458610356,0.1273230678845382,0.5134132181696628,0.0270 ± 0.0910,0.0348 ± 0.1091,0.1990 ± 0.2527,0.7148 ± 0.2085
RF_Balanced,Tuned_InnerCV,0.120251173006435,0.22207286615691837,0.0,0.14045749867058477,0.22982617735486482,0.03004519469426192,0.19896119534902318,0.25269361941882784,0.7148045791547394,0.20851574182721594,0.1308278763420306,0.2517865769649167,0.27937878131780297,0.3689521157311257,0.5832169703104403,0.1203 ± 0.2221,0.1405 ± 0.2298,0.1990 ± 0.2527,0.7148 ± 0.2085
RF_Baseline,Default_0.50,0.017254291791165898,0.06613941090407242,0.0,0.02196383982369747,0.07863226509528064,0.0,0.19551081120168304,0.25303611616188915,0.6864747140775298,0.2170707980414572,0.06582245674858095,0.22354038280206392,0.037919291556145006,0.11336579709492749,0.5113451794387456,0.0173 ± 0.0661,0.0220 ± 0.0786,0.1955 ± 0.2530,0.6865 ± 0.2171
RF_Baseline,Tuned_InnerCV,0.13052436462916364,0.22667548851623662,0.029952333544182766,0.14906146997988384,0.22996840885379896,0.05011520737327189,0.19551081120168304,0.25303611616188915,0.6864747140775298,0.2170707980414572,0.16655560507771996,0.27393427655454605,0.32118327206996694,0.385831604305488,0.6003818166273309,0.1305 ± 0.2267,0.1491 ± 0.2300,0.1955 ± 0.2530,0.6865 ± 0.2171
RF_RUS,Default_0.50,0.1250189285914068,0.17065094985404652,0.02935435825341492,0.13799662420464295,0.18078594674233606,0.031141078339462995,0.20722253946221283,0.25084810712063305,0.7196852803952337,0.19151243301055768,0.15669964299866676,0.25665833869033394,0.2712857402562003,0.3373467710143545,0.5934695096422733,0.1250 ± 0.1707,0.1380 ± 0.1808,0.2072 ± 0.2508,0.7197 ± 0.1915
RF_RUS,Tuned_InnerCV,0.1399914270902914,0.19742078851748998,0.04661133013630283,0.1605517340320186,0.21252076984115442,0.06559139784946236,0.20722253946221283,0.25084810712063305,0.7196852803952337,0.19151243301055768,0.18154633012905397,0.25795789987890894,0.3423736698042723,0.37843626327586133,0.6069455544789029,0.1400 ± 0.1974,0.1606 ± 0.2125,0.2072 ± 0.2508,0.7197 ± 0.1915
RF_SMOTE,Default_0.50,0.033453404944126436,0.0930185590015756,0.0,0.04358600489616105,0.10856710659381963,0.0,0.22798699274679912,0.29968729505785885,0.715039127698006,0.19883648577059093,0.08569568452380953,0.23284906910463735,0.03981600945683609,0.1053842931562541,0.5128239204608457,0.0335 ± 0.0930,0.0436 ± 0.1086,0.2280 ± 0.2997,0.7150 ± 0.1988
RF_SMOTE,Tuned_InnerCV,0.12560849174509273,0.2362058784845351,0.01655569206532928,0.13406499740216973,0.2343107914816425,0.03791866028708134,0.22798699274679912,0.29968729505785885,0.715039127698006,0.19883648577059093,0.1445184455192335,0.25307693602701087,0.3074633686888623,0.3985149858851722,0.5995620979503111,0.1256 ± 0.2362,0.1341 ± 0.2343,0.2280 ± 0.2997,0.7150 ± 0.1988
XGB_Baseline,Default_0.50,0.0529706278969869,0.09439329971884201,0.0,0.0581399411102183,0.1005192010611999,0.0,0.18155737180502504,0.23141816180351943,0.7110442795733242,0.15399490558339488,0.17658583091775068,0.30632187076317036,0.07870224420873999,0.18945438748742147,0.5162636058543862,0.0530 ± 0.0944,0.0581 ± 0.1005,0.1816 ± 0.2314,0.7110 ± 0.1540
XGB_Baseline,Tuned_InnerCV,0.07040893530816178,0.15581692002881908,0.019685560721534604,0.10358962962057844,0.18072122046611935,0.031222420989862852,0.18155737180502504,0.23141816180351943,0.7110442795733242,0.15399490558339488,0.12492292273336608,0.22802653984758126,0.19438342071827683,0.30349988898206487,0.5539042831508988,0.0704 ± 0.1558,0.1036 ± 0.1807,0.1816 ± 0.2314,0.7110 ± 0.1540
XGB_ClassWeight,Default_0.50,0.05438285141211913,0.14116076949273454,0.0,0.071543643838705,0.13626416620345183,0.0,0.16242184795234635,0.2250957556295834,0.6327222879129749,0.2095272217545879,0.1179884547766467,0.24649780146059816,0.11055557816966621,0.24226168573720608,0.5385879642786614,0.0544 ± 0.1412,0.0715 ± 0.1363,0.1624 ± 0.2251,0.6327 ± 0.2095
XGB_ClassWeight,Tuned_InnerCV,0.07559153713959932,0.14642351775702514,0.01262062521393096,0.10324652457040222,0.1433187533217019,0.0678062678062678,0.16242184795234635,0.2250957556295834,0.6327222879129749,0.2095272217545879,0.1437091522340397,0.24894064679139566,0.22951223130358764,0.3197094350237889,0.5618864678768126,0.0756 ± 0.1464,0.1032 ± 0.1433,0.1624 ± 0.2251,0.6327 ± 0.2095
XGB_RUS,Default_0.50,0.10439408496331863,0.15573093418507222,0.0651091574009706,0.12393460032168563,0.15058401684405207,0.07179487179487179,0.2180055730377674,0.28434692779720555,0.7005779085310084,0.18633862083458885,0.16358566536852306,0.23255170051644547,0.2595972771129241,0.3327753094779439,0.5748583613474331,0.1044 ± 0.1557,0.1239 ± 0.1506,0.2180 ± 0.2843,0.7006 ± 0.1863
XGB_RUS,Tuned_InnerCV,0.11453673662221557,0.16884144372843166,0.047965981309967085,0.1474015616978814,0.19416802036824582,0.07185886402753872,0.2180055730377674,0.28434692779720555,0.7005779085310084,0.18633862083458885,0.1495639457576964,0.2325163186486718,0.3826746492665054,0.38457522712570064,0.5964191048758015,0.1145 ± 0.1688,0.1474 ± 0.1942,0.2180 ± 0.2843,0.7006 ± 0.1863
