Feature,Mean_Importance,Std_Importance
ExecutionTime,100.23205436694045,187.88749031511603
projectSourceClassesCovered,85.84839965414284,161.2064811882761
projectSourceLinesCovered,83.65487897204952,157.5904520999062
testLength,72.21679355367102,135.62878981550864
numCoveredLines,59.80953727001726,112.36672984740127
num_third_party_libs,38.14363878016634,71.74767625226079
hIndexModificationsPerCoveredLine_window500,30.52279798299226,57.792966659394985
hIndexModificationsPerCoveredLine_window10000,29.422291082285433,55.60434524199761
numAsserts,27.621132896307433,52.04174987684789
hIndexModificationsPerCoveredLine_window100,21.9191622124374,41.40859667219953
hIndexModificationsPerCoveredLine_window50,17.82080833201658,33.68497921747604
hIndexModificationsPerCoveredLine_window25,12.600634480263302,23.944290966014044
hIndexModificationsPerCoveredLine_window10,12.532352107840083,23.669415663281935
test-run-war,10.600156991855764,20.19044726634597
fire-and-forget,10.475938611843665,19.68806783298313
indirect-testing,10.15460491705283,19.27512387588621
hIndexModificationsPerCoveredLine_window5,9.385382880639229,18.427438983419574
hIndexModificationsPerCoveredLine_window75,9.145977135380555,17.49980762046229
mystery-guest,6.518442614248414,12.565220275961376
assertion-roulette,6.422026776020972,12.426654470513627
resource-optimism,5.403186458635209,10.62494385145675
eager-test,4.595544921559212,8.862072948373761
conditional-test-logic,2.3987014452249564,4.753553276244507
