Project_ID,Project,Algorithm,Spearman_Rho,RMSE,MAE,R2
E00,activiti,RF_Regressor,0.03172929295421381,434.472537988923,346.1160567514677,-435.13493080288265
E00,activiti,ExtraTrees_Regressor,0.013560980467383188,460.7282633536676,301.2830381604697,-489.44004020576887
E00,activiti,GradientBoosting_Regressor,0.05099392527409783,148.66622326751107,70.24942572112138,-50.06470496995106
E00,activiti,LightGBM_Regressor,0.07069499967034866,360.95622865337754,251.9587714502376,-300.02688907006967
E00,activiti,Ridge_Regressor,-0.053382013513906854,193.25475537193333,152.80379880444502,-85.2892289432177
E01,alluxio,RF_Regressor,0.6297966234590584,372.9958709811463,200.4388235294118,-22.713596622438214
E01,alluxio,ExtraTrees_Regressor,0.4370065644987788,536.2495284277995,230.61197860962565,-48.01434757194244
E01,alluxio,GradientBoosting_Regressor,-0.12136668336948055,395.78057821440007,230.575817795791,-25.69920542693798
E01,alluxio,LightGBM_Regressor,-0.05590488268026643,550.7646463522734,233.08985059645923,-50.703684129210465
E01,alluxio,Ridge_Regressor,-0.2307411659939065,308.7698389388513,279.31182507858733,-15.25021540265374
E02,ambari,RF_Regressor,0.3049993161893403,1242.61559823646,179.39367283950614,-0.005639191376390684
E02,ambari,ExtraTrees_Regressor,0.18638520527996297,1255.5178302984082,207.08490740740743,-0.026630961805728992
E02,ambari,GradientBoosting_Regressor,-0.19741731885932942,1245.4482106019398,186.79269133110623,-0.010229239608546159
E02,ambari,LightGBM_Regressor,-0.06629881031919717,1265.8253988167407,218.56225660558894,-0.04355705737721016
E02,ambari,Ridge_Regressor,-0.09924811859228783,1244.080902864474,210.8354893499413,-0.008012309155022157
E03,commons-exec,RF_Regressor,0.20215187397152382,534.2571517486176,124.21254545454545,-14681.649392723542
E03,commons-exec,ExtraTrees_Regressor,0.05212828157676493,973.5323278266811,356.39563636363636,-48752.353566030724
E03,commons-exec,GradientBoosting_Regressor,0.08573800294917794,255.40418540203018,158.43566848497497,-3354.5194403742107
E03,commons-exec,LightGBM_Regressor,0.04286513449026096,642.5535062765504,280.33349179530273,-21237.426359479898
E03,commons-exec,Ridge_Regressor,0.18859298328700122,296.314192505656,264.6208066134597,-4515.568965034931
E04,hbase,RF_Regressor,0.29425838138677013,1492.1350765596042,574.9026218097448,-0.17181166668910564
E04,hbase,ExtraTrees_Regressor,0.3037143236310417,1483.5294765921792,622.6612064965196,-0.15833424975851407
E04,hbase,GradientBoosting_Regressor,0.2516829090718244,1447.6175848525208,551.0752312611652,-0.10293327198223934
E04,hbase,LightGBM_Regressor,0.12853320007650967,1442.2213070838986,552.4864666785962,-0.0947257989161181
E04,hbase,Ridge_Regressor,0.24351204422707448,1539.1254419214024,597.9362611198559,-0.24677926931732208
E05,httpcore,RF_Regressor,0.23605385422850744,203.5213172925498,56.93352879213483,-604.6786153073422
E05,httpcore,ExtraTrees_Regressor,0.1456429518526062,311.6312660864897,96.26358146067417,-1419.0527546973728
E05,httpcore,GradientBoosting_Regressor,0.13757945714806633,181.47444222424377,94.73736086089497,-480.56328780906944
E05,httpcore,LightGBM_Regressor,0.04649318541538847,341.5003222171489,129.92871061262306,-1704.3152113983222
E05,httpcore,Ridge_Regressor,-0.001741576232654624,220.49508005098548,200.6284457928923,-709.9191897340769
E06,incubator-dubbo,RF_Regressor,0.05011538822224036,336.1239835990836,82.53279641544118,-2.1377716837171987
E06,incubator-dubbo,ExtraTrees_Regressor,0.07146898975141062,332.13682307032195,76.71729779411766,-2.0637716278758713
E06,incubator-dubbo,GradientBoosting_Regressor,0.007667005986896893,376.56549057067406,133.57542598651594,-2.9382508081899443
E06,incubator-dubbo,LightGBM_Regressor,-0.01298743388313993,402.8090715803137,156.87773992355355,-3.506307470597325
E06,incubator-dubbo,Ridge_Regressor,-0.0355379429174691,295.66947538018627,218.09455002881535,-1.4279252792080261
E07,achilles,RF_Regressor,0.05109656658273195,314.14983943895703,88.20643887623385,-8439.84435784792
E07,achilles,ExtraTrees_Regressor,-0.00886121144840177,367.7221145945958,132.47661351556567,-11564.161609123756
E07,achilles,GradientBoosting_Regressor,0.010041045984021293,296.35444702765403,125.03503495942601,-7510.645868872403
E07,achilles,LightGBM_Regressor,-0.021190643452084962,234.88293679277518,95.03446422078274,-4717.621528731478
E07,achilles,Ridge_Regressor,0.04947182451569596,226.24483751087777,182.2457082420453,-4376.937573556419
E08,elastic-job-lite,RF_Regressor,0.06480881689439999,211.0414507761424,59.47847670250897,-923464.6475267104
E08,elastic-job-lite,ExtraTrees_Regressor,0.11016112639557724,24.787040021886337,4.1927240143369175,-12737.976988346547
E08,elastic-job-lite,GradientBoosting_Regressor,-0.006389554095556928,87.07510784247272,49.4660235471907,-157206.49918630492
E08,elastic-job-lite,LightGBM_Regressor,0.05052669715039281,164.6267960232885,59.10012616743204,-561934.2409777279
E08,elastic-job-lite,Ridge_Regressor,-0.011788543066760934,67.53949897161785,58.34642855962704,-94579.34334975205
E09,jimfs,RF_Regressor,0.0,294.4056818589768,111.36419811320755,0.0
E09,jimfs,ExtraTrees_Regressor,0.0,159.46844846741243,34.13509433962265,0.0
E09,jimfs,GradientBoosting_Regressor,0.0,57.716460398294124,42.6086303245246,0.0
E09,jimfs,LightGBM_Regressor,0.0,189.17062277010157,68.87314766648113,0.0
E09,jimfs,Ridge_Regressor,0.0,125.78378722632759,112.52005658396578,0.0
E10,hector,RF_Regressor,0.14416600610414848,788.6059933908515,283.85697183098597,-2.3640344907213495
E10,hector,ExtraTrees_Regressor,0.24667836214189387,533.4201835630091,208.03619718309855,-0.5391437464642514
E10,hector,GradientBoosting_Regressor,0.3358614896888389,554.0259319327856,266.37042516619834,-0.6603531827483575
E10,hector,LightGBM_Regressor,-0.27426182523794135,693.6927181972712,285.6250863556055,-1.6030023755061338
E10,hector,Ridge_Regressor,0.2409208913282292,488.375379325233,252.87975270015625,-0.29017260559316616
E11,handlebars.java,RF_Regressor,-0.02690253743121485,1870.9109922639304,359.02292740046835,-0.03278425462158285
E11,handlebars.java,ExtraTrees_Regressor,0.1618088960122671,1810.9842464897251,355.7362295081967,0.03231791720373267
E11,handlebars.java,GradientBoosting_Regressor,-0.13266781990902388,2007.4745605959645,520.6642952030396,-0.1890591408893454
E11,handlebars.java,LightGBM_Regressor,-0.0464627158850025,1874.4623181409795,408.4103490105358,-0.036708796721336645
E11,handlebars.java,Ridge_Regressor,0.24972739473975875,1829.313581681772,431.4685139395452,0.012630579775910644
E12,assertj-core,RF_Regressor,-0.010528240826967432,109.10968289479413,18.955861284139914,-77.5817593259738
E12,assertj-core,ExtraTrees_Regressor,-0.008401218365637963,152.83523778626392,17.698594473726242,-153.18501045954207
E12,assertj-core,GradientBoosting_Regressor,-0.00784135343935797,71.56005939432664,45.249742997731005,-32.80154452255497
E12,assertj-core,LightGBM_Regressor,-0.0034755841242931035,88.48153191159719,31.09876937699242,-50.67737282001736
E12,assertj-core,Ridge_Regressor,0.0029719992322989578,125.2214761774998,81.854693598883,-102.50296689540255
E13,http-request,RF_Regressor,-0.11109642020246452,580.7141990565493,117.81736196319018,-71.87380613137294
E13,http-request,ExtraTrees_Regressor,0.006146768769932152,150.05344350180192,52.13030674846627,-3.8656234429154113
E13,http-request,GradientBoosting_Regressor,-0.2312842224988614,153.3707293491317,76.77980270732003,-4.083133646696383
E13,http-request,LightGBM_Regressor,-0.1884398871738771,153.65732883773813,70.46248663453409,-4.102148809133501
E13,http-request,Ridge_Regressor,-0.022516303911254518,287.67054950042933,270.7356882276641,-16.882876139716945
E14,ninja,RF_Regressor,0.021315219140443875,315.0279481216866,100.3106563180828,-133.47057972429846
E14,ninja,ExtraTrees_Regressor,0.0911135499798203,484.4680632372104,119.1111274509804,-317.0236475082285
E14,ninja,GradientBoosting_Regressor,0.060015275371254714,305.7927693179038,151.45270361515625,-125.702018051792
E14,ninja,LightGBM_Regressor,0.030793015676376566,332.4597242727414,120.59740916505474,-148.76391651629447
E14,ninja,Ridge_Regressor,0.07422107136956332,194.23262811478554,168.8941262308386,-50.11795616886084
E15,orbit,RF_Regressor,0.18887281850414991,3648.227770720119,901.9323255813953,0.013650062689668951
E15,orbit,ExtraTrees_Regressor,0.421985019432769,3596.900747252725,752.6438372093023,0.041208799337102864
E15,orbit,GradientBoosting_Regressor,0.12652143686296052,3396.042171632405,781.9048188452161,0.14530083295438911
E15,orbit,LightGBM_Regressor,0.04568979317961015,3449.784665714699,856.4548832316675,0.11803549667882018
E15,orbit,Ridge_Regressor,0.12266191632047331,3675.564540149532,848.016437486061,-0.001187082319850541
E16,logback,RF_Regressor,0.023229990050137123,257.646711915612,42.892458432304046,-2.8189246282916947
E16,logback,ExtraTrees_Regressor,0.06338304389004583,413.6408223003115,97.12110451306414,-8.843253364436572
E16,logback,GradientBoosting_Regressor,-0.002159816358498163,279.7562017555853,110.79648373144849,-3.5024751462703714
E16,logback,LightGBM_Regressor,-0.01856362655422384,229.68689521891798,68.77677781600015,-2.0350392564891346
E16,logback,Ridge_Regressor,0.020177726890136482,265.95764437124836,210.84222847511137,-3.0692730640724077
E17,spring-boot,RF_Regressor,0.09729553351547832,1501.8625682717088,401.21772919605075,-0.05586561299201853
E17,spring-boot,ExtraTrees_Regressor,0.0017010682045302276,1495.4563605053727,417.7487588152327,-0.04687721620925922
E17,spring-boot,GradientBoosting_Regressor,-0.019740537744242767,1486.1670186249482,418.3131188148725,-0.03391181407214394
E17,spring-boot,LightGBM_Regressor,-0.11615961546234117,1470.737155650337,409.98384179389495,-0.012554453524603604
E17,spring-boot,Ridge_Regressor,-0.07211970882744785,1836.3287539493676,925.8346569616583,-0.5785165109588517
E18,okhttp,RF_Regressor,-0.08896924054555164,4647.744286629248,2547.487061728395,-0.9499164580340218
E18,okhttp,ExtraTrees_Regressor,-0.07036120938679209,3583.300876030385,1419.2964320987655,-0.15903914796085283
E18,okhttp,GradientBoosting_Regressor,-0.06363091157751254,4423.915766365391,2485.964880429117,-0.7666285795197232
E18,okhttp,LightGBM_Regressor,-0.10199647299985061,3802.196063901183,1893.522119779759,-0.30497012506225674
E18,okhttp,Ridge_Regressor,-0.11272558517613651,3547.7251294861035,1367.1780761326818,-0.13613903650020442
E19,java-websocket,RF_Regressor,0.14566002771174508,207.05310543349782,63.10296551724138,-17.965821356556148
E19,java-websocket,ExtraTrees_Regressor,0.34678439699405583,152.5369887601037,45.09965517241379,-9.293391612842726
E19,java-websocket,GradientBoosting_Regressor,0.2796084995968099,114.38517590067626,59.05173900104193,-4.788254887879802
E19,java-websocket,LightGBM_Regressor,0.37207988740435877,216.7517182911696,85.8402996717744,-19.784197302529375
E19,java-websocket,Ridge_Regressor,-0.5509039632998172,207.63485940192754,179.35867954652076,-18.07254703992735
E20,undertow,RF_Regressor,0.062487036020110166,517.4335161596659,140.36704918032785,-15311.437879750285
E20,undertow,ExtraTrees_Regressor,0.08677776307189423,251.69388034639448,128.03076502732242,-3622.101826859178
E20,undertow,GradientBoosting_Regressor,0.04365796465557581,124.56017405335272,62.515019956897234,-886.347316490347
E20,undertow,LightGBM_Regressor,0.18995386172921097,262.8886886166856,120.00921053678773,-3951.565061631367
E20,undertow,Ridge_Regressor,-0.2449091861730673,188.83439505665652,138.50428656002802,-2038.3765914390963
E21,wildfly,RF_Regressor,0.14661864947934206,580.9239303796868,204.94974919093852,-210743.63561180682
E21,wildfly,ExtraTrees_Regressor,0.1261595459558111,406.1777180338484,165.31194174757283,-103025.79393619364
E21,wildfly,GradientBoosting_Regressor,0.06021155368517893,643.3479351248527,267.01374539259604,-258468.80635893348
E21,wildfly,LightGBM_Regressor,0.08886103860469961,643.2823146553126,266.95871721831617,-258416.08202693125
E21,wildfly,Ridge_Regressor,-0.05680787690677643,239.60279627331366,195.50537542744414,-35850.0400320509
E22,wro4j,RF_Regressor,0.03072199427730822,1113.8906951515273,289.35940611353715,-11.326684733568275
E22,wro4j,ExtraTrees_Regressor,0.07325804885309194,591.8316539970116,179.37154585152837,-2.479825895539492
E22,wro4j,GradientBoosting_Regressor,-0.026116335823656016,817.705866669133,271.49208211204797,-5.642864038610781
E22,wro4j,LightGBM_Regressor,-0.005509545682322966,874.5289407351464,282.4702369156237,-6.5981787925932665
E22,wro4j,Ridge_Regressor,0.02146491311855751,363.382941529749,157.35105283279776,-0.31186821190981884
E23,zxing,RF_Regressor,-0.028691958860573994,179.63186190699554,55.39298550724638,-43.85739523153842
E23,zxing,ExtraTrees_Regressor,0.07803216622922972,590.225839520993,190.05889855072462,-483.2880421520449
E23,zxing,GradientBoosting_Regressor,-0.027400248575261146,197.62805395201184,111.70941266321239,-53.295582522373486
E23,zxing,LightGBM_Regressor,0.038347915155515146,233.2224462391833,97.38748466396301,-74.61500778237875
E23,zxing,Ridge_Regressor,-0.012005354907221625,470.1008359732337,387.53204767932607,-306.2199085737743
