Model,Fold_Idx,Target_Project,Strategy_ID,Strategy_Name,Train_Time_Sec,Inner_Val_Time_Sec,Test_Size,Flaky_in_Test,NonFlaky_in_Test,Threshold,PR_AUC,ROC_AUC,Precision,Recall,F1,MCC,Specificity,FPR,Balanced_Accuracy,TP,FP,TN,FN
xgboost_gpu,1,achilles,T1_Default,Default Baseline (tau = 0.5),0.1627967357635498,0.31420135498046875,1317,4,1313,0.5,0.009111301129662304,0.7962680883472963,0.0,0.0,0.0,-0.0015214920518465097,0.9992383853769993,0.0007616146230007616,0.49961919268849964,0,1,1312,4
xgboost_gpu,1,achilles,T2_Max_F1,Max-F1 Dynamic Tuning,0.1627967357635498,0.31420135498046875,1317,4,1313,0.36,0.009111301129662304,0.7962680883472963,0.0,0.0,0.0,-0.002637306331266518,0.9977151561309977,0.002284843869002285,0.49885757806549885,0,3,1310,4
xgboost_gpu,1,achilles,T3_Recall_Constrained,Recall-Constrained Tuning (>= 70%),0.1627967357635498,0.31420135498046875,1317,4,1313,0.25,0.009111301129662304,0.7962680883472963,0.0,0.0,0.0,-0.003733979351049532,0.9954303122619954,0.00456968773800457,0.4977151561309977,0,6,1307,4
xgboost_gpu,1,achilles,T4_Youdens_J,Youden's J-Statistic,0.1627967357635498,0.31420135498046875,1317,4,1313,0.06,0.009111301129662304,0.7962680883472963,0.0,0.0,0.0,-0.01337053768805514,0.9444021325209444,0.055597867479055596,0.4722010662604722,0,73,1240,4
xgboost_gpu,1,achilles,T5_Prior_Shifted,Prior-Shifted Threshold,0.1627967357635498,0.31420135498046875,1317,4,1313,0.0389,0.009111301129662304,0.7962680883472963,0.0,0.0,0.0,-0.01956425744842045,0.8880426504188881,0.11195734958111196,0.44402132520944404,0,147,1166,4
xgboost_gpu,2,activiti,T1_Default,Default Baseline (tau = 0.5),0.15436220169067383,0.18758559226989746,2044,32,2012,0.5,0.016793457801547968,0.5468982977137177,0.020599250936329586,0.6875,0.04,0.04165838450070883,0.4801192842942346,0.5198807157057654,0.5838096421471173,22,1046,966,10
xgboost_gpu,2,activiti,T2_Max_F1,Max-F1 Dynamic Tuning,0.15436220169067383,0.18758559226989746,2044,32,2012,0.28,0.016793457801547968,0.5468982977137177,0.01752021563342318,0.8125,0.03430079155672823,0.02445172256072471,0.2753479125248509,0.7246520874751491,0.5439239562624254,26,1458,554,6
xgboost_gpu,2,activiti,T3_Recall_Constrained,Recall-Constrained Tuning (>= 70%),0.15436220169067383,0.18758559226989746,2044,32,2012,0.28,0.016793457801547968,0.5468982977137177,0.01752021563342318,0.8125,0.03430079155672823,0.02445172256072471,0.2753479125248509,0.7246520874751491,0.5439239562624254,26,1458,554,6
xgboost_gpu,2,activiti,T4_Youdens_J,Youden's J-Statistic,0.15436220169067383,0.18758559226989746,2044,32,2012,0.04,0.016793457801547968,0.5468982977137177,0.01672962763086886,0.96875,0.03289124668435013,0.02694868472710299,0.09443339960238568,0.9055666003976143,0.5315916998011928,31,1822,190,1
xgboost_gpu,2,activiti,T5_Prior_Shifted,Prior-Shifted Threshold,0.15436220169067383,0.18758559226989746,2044,32,2012,0.039,0.016793457801547968,0.5468982977137177,0.01672962763086886,0.96875,0.03289124668435013,0.02694868472710299,0.09443339960238568,0.9055666003976143,0.5315916998011928,31,1822,190,1
xgboost_gpu,3,alluxio,T1_Default,Default Baseline (tau = 0.5),0.16792750358581543,0.17935657501220703,187,116,71,0.5,0.9699672815269106,0.9595677513355998,1.0,0.02586206896551724,0.05042016806722689,0.0998968733612135,1.0,0.0,0.5129310344827587,3,0,71,113
xgboost_gpu,3,alluxio,T2_Max_F1,Max-F1 Dynamic Tuning,0.16792750358581543,0.17935657501220703,187,116,71,0.27,0.9699672815269106,0.9595677513355998,1.0,0.1206896551724138,0.2153846153846154,0.22255694234332546,1.0,0.0,0.5603448275862069,14,0,71,102
xgboost_gpu,3,alluxio,T3_Recall_Constrained,Recall-Constrained Tuning (>= 70%),0.16792750358581543,0.17935657501220703,187,116,71,0.16,0.9699672815269106,0.9595677513355998,1.0,0.20689655172413793,0.34285714285714286,0.3002009058611237,1.0,0.0,0.603448275862069,24,0,71,92
xgboost_gpu,3,alluxio,T4_Youdens_J,Youden's J-Statistic,0.16792750358581543,0.17935657501220703,187,116,71,0.03,0.9699672815269106,0.9595677513355998,0.9666666666666667,0.5,0.6590909090909091,0.4905317714496412,0.971830985915493,0.028169014084507043,0.7359154929577465,58,2,69,58
xgboost_gpu,3,alluxio,T5_Prior_Shifted,Prior-Shifted Threshold,0.16792750358581543,0.17935657501220703,187,116,71,0.0318,0.9699672815269106,0.9595677513355998,0.9661016949152542,0.49137931034482757,0.6514285714285715,0.4837326290284761,0.971830985915493,0.028169014084507043,0.7316051481301603,57,2,69,59
xgboost_gpu,4,ambari,T1_Default,Default Baseline (tau = 0.5),0.16817736625671387,0.2010040283203125,324,52,272,0.5,0.5151636005149578,0.860576923076923,0.5,0.36538461538461536,0.4222222222222222,0.33714392852548025,0.9301470588235294,0.06985294117647059,0.6477658371040724,19,19,253,33
xgboost_gpu,4,ambari,T2_Max_F1,Max-F1 Dynamic Tuning,0.16817736625671387,0.2010040283203125,324,52,272,0.35,0.5151636005149578,0.860576923076923,0.41379310344827586,0.46153846153846156,0.43636363636363634,0.3222300315227203,0.875,0.125,0.6682692307692308,24,34,238,28
xgboost_gpu,4,ambari,T3_Recall_Constrained,Recall-Constrained Tuning (>= 70%),0.16817736625671387,0.2010040283203125,324,52,272,0.17,0.5151636005149578,0.860576923076923,0.42391304347826086,0.75,0.5416666666666666,0.45191448415351926,0.8051470588235294,0.1948529411764706,0.7775735294117647,39,53,219,13
xgboost_gpu,4,ambari,T4_Youdens_J,Youden's J-Statistic,0.16817736625671387,0.2010040283203125,324,52,272,0.05,0.5151636005149578,0.860576923076923,0.32894736842105265,0.9615384615384616,0.49019607843137253,0.43141635195221545,0.625,0.375,0.7932692307692308,50,102,170,2
xgboost_gpu,4,ambari,T5_Prior_Shifted,Prior-Shifted Threshold,0.16817736625671387,0.2010040283203125,324,52,272,0.0349,0.5151636005149578,0.860576923076923,0.3067484662576687,0.9615384615384616,0.46511627906976744,0.40091231886315853,0.5845588235294118,0.41544117647058826,0.7730486425339367,50,113,159,2
xgboost_gpu,5,assertj-core,T1_Default,Default Baseline (tau = 0.5),0.16814446449279785,0.18908023834228516,6261,1,6260,0.5,0.0002550369803621525,0.3738019169329073,0.0,0.0,0.0,-0.00022593075595252852,0.9996805111821087,0.0003194888178913738,0.4998402555910543,0,2,6258,1
xgboost_gpu,5,assertj-core,T2_Max_F1,Max-F1 Dynamic Tuning,0.16814446449279785,0.18908023834228516,6261,1,6260,0.36,0.0002550369803621525,0.3738019169329073,0.0,0.0,0.0,-0.000276729642063495,0.9995207667731629,0.0004792332268370607,0.49976038338658146,0,3,6257,1
xgboost_gpu,5,assertj-core,T3_Recall_Constrained,Recall-Constrained Tuning (>= 70%),0.16814446449279785,0.18908023834228516,6261,1,6260,0.19,0.0002550369803621525,0.3738019169329073,0.0,0.0,0.0,-0.0003195654002466485,0.9993610223642172,0.0006389776357827476,0.4996805111821086,0,4,6256,1
xgboost_gpu,5,assertj-core,T4_Youdens_J,Youden's J-Statistic,0.16814446449279785,0.18908023834228516,6261,1,6260,0.04,0.0002550369803621525,0.3738019169329073,0.0,0.0,0.0,-0.005549639891465461,0.8383386581469648,0.16166134185303516,0.4191693290734824,0,1012,5248,1
xgboost_gpu,5,assertj-core,T5_Prior_Shifted,Prior-Shifted Threshold,0.16814446449279785,0.18908023834228516,6261,1,6260,0.0514,0.0002550369803621525,0.3738019169329073,0.0,0.0,0.0,-0.0039573560920995125,0.910702875399361,0.08929712460063897,0.4553514376996805,0,559,5701,1
xgboost_gpu,6,commons-exec,T1_Default,Default Baseline (tau = 0.5),0.17045807838439941,0.20188236236572266,55,1,54,0.5,0.14285714285714285,0.888888888888889,0.0,0.0,0.0,0.0,1.0,0.0,0.5,0,0,54,1
xgboost_gpu,6,commons-exec,T2_Max_F1,Max-F1 Dynamic Tuning,0.17045807838439941,0.20188236236572266,55,1,54,0.38,0.14285714285714285,0.888888888888889,0.0,0.0,0.0,0.0,1.0,0.0,0.5,0,0,54,1
xgboost_gpu,6,commons-exec,T3_Recall_Constrained,Recall-Constrained Tuning (>= 70%),0.17045807838439941,0.20188236236572266,55,1,54,0.23,0.14285714285714285,0.888888888888889,0.0,0.0,0.0,-0.03268602252303067,0.9444444444444444,0.05555555555555555,0.4722222222222222,0,3,51,1
xgboost_gpu,6,commons-exec,T4_Youdens_J,Youden's J-Statistic,0.17045807838439941,0.20188236236572266,55,1,54,0.08,0.14285714285714285,0.888888888888889,0.14285714285714285,1.0,0.25,0.3563483225498992,0.8888888888888888,0.1111111111111111,0.9444444444444444,1,6,48,0
xgboost_gpu,6,commons-exec,T5_Prior_Shifted,Prior-Shifted Threshold,0.17045807838439941,0.20188236236572266,55,1,54,0.0368,0.14285714285714285,0.888888888888889,0.1,1.0,0.18181818181818182,0.28867513459481287,0.8333333333333334,0.16666666666666666,0.9166666666666667,1,9,45,0
xgboost_gpu,7,elastic-job-lite,T1_Default,Default Baseline (tau = 0.5),0.16190648078918457,0.21050405502319336,558,3,555,0.5,0.017752856462533884,0.7927927927927928,0.0,0.0,0.0,0.0,1.0,0.0,0.5,0,0,555,3
xgboost_gpu,7,elastic-job-lite,T2_Max_F1,Max-F1 Dynamic Tuning,0.16190648078918457,0.21050405502319336,558,3,555,0.34,0.017752856462533884,0.7927927927927928,0.0,0.0,0.0,0.0,1.0,0.0,0.5,0,0,555,3
xgboost_gpu,7,elastic-job-lite,T3_Recall_Constrained,Recall-Constrained Tuning (>= 70%),0.16190648078918457,0.21050405502319336,558,3,555,0.14,0.017752856462533884,0.7927927927927928,0.0,0.0,0.0,-0.005405405405405406,0.9945945945945946,0.005405405405405406,0.4972972972972973,0,3,552,3
xgboost_gpu,7,elastic-job-lite,T4_Youdens_J,Youden's J-Statistic,0.16190648078918457,0.21050405502319336,558,3,555,0.04,0.017752856462533884,0.7927927927927928,0.0,0.0,0.0,-0.015586518815382268,0.9567567567567568,0.043243243243243246,0.4783783783783784,0,24,531,3
xgboost_gpu,7,elastic-job-lite,T5_Prior_Shifted,Prior-Shifted Threshold,0.16190648078918457,0.21050405502319336,558,3,555,0.0376,0.017752856462533884,0.7927927927927928,0.0,0.0,0.0,-0.015922840164452213,0.954954954954955,0.04504504504504504,0.4774774774774775,0,25,530,3
xgboost_gpu,8,handlebars.java,T1_Default,Default Baseline (tau = 0.5),0.16986322402954102,0.2146763801574707,420,1,419,0.5,0.012345679012345678,0.8090692124105012,0.0,0.0,0.0,0.0,1.0,0.0,0.5,0,0,419,1
xgboost_gpu,8,handlebars.java,T2_Max_F1,Max-F1 Dynamic Tuning,0.16986322402954102,0.2146763801574707,420,1,419,0.28,0.012345679012345678,0.8090692124105012,0.0,0.0,0.0,0.0,1.0,0.0,0.5,0,0,419,1
xgboost_gpu,8,handlebars.java,T3_Recall_Constrained,Recall-Constrained Tuning (>= 70%),0.16986322402954102,0.2146763801574707,420,1,419,0.12,0.012345679012345678,0.8090692124105012,0.0,0.0,0.0,-0.0047904500800959905,0.9904534606205251,0.00954653937947494,0.49522673031026254,0,4,415,1
xgboost_gpu,8,handlebars.java,T4_Youdens_J,Youden's J-Statistic,0.16986322402954102,0.2146763801574707,420,1,419,0.03,0.012345679012345678,0.8090692124105012,0.0,0.0,0.0,-0.021472178712646367,0.837708830548926,0.162291169451074,0.418854415274463,0,68,351,1
xgboost_gpu,8,handlebars.java,T5_Prior_Shifted,Prior-Shifted Threshold,0.16986322402954102,0.2146763801574707,420,1,419,0.0375,0.012345679012345678,0.8090692124105012,0.0,0.0,0.0,-0.019161800320383962,0.8663484486873508,0.13365155131264916,0.4331742243436754,0,56,363,1
xgboost_gpu,9,hbase,T1_Default,Default Baseline (tau = 0.5),0.16234374046325684,0.20953750610351562,431,145,286,0.5,0.6003206037216422,0.7535326742223294,0.6,0.020689655172413793,0.04,0.060435416061349986,0.993006993006993,0.006993006993006993,0.5068483240897034,3,2,284,142
xgboost_gpu,9,hbase,T2_Max_F1,Max-F1 Dynamic Tuning,0.16234374046325684,0.20953750610351562,431,145,286,0.41,0.6003206037216422,0.7535326742223294,0.7777777777777778,0.04827586206896552,0.09090909090909091,0.13641410011959124,0.993006993006993,0.006993006993006993,0.5206414275379793,7,2,284,138
xgboost_gpu,9,hbase,T3_Recall_Constrained,Recall-Constrained Tuning (>= 70%),0.16234374046325684,0.20953750610351562,431,145,286,0.21,0.6003206037216422,0.7535326742223294,0.7555555555555555,0.23448275862068965,0.35789473684210527,0.3028797210567069,0.9615384615384616,0.038461538461538464,0.5980106100795756,34,11,275,111
xgboost_gpu,9,hbase,T4_Youdens_J,Youden's J-Statistic,0.16234374046325684,0.20953750610351562,431,145,286,0.05,0.6003206037216422,0.7535326742223294,0.6712328767123288,0.33793103448275863,0.44954128440366975,0.31998038230917947,0.916083916083916,0.08391608391608392,0.6270074752833373,49,24,262,96
xgboost_gpu,9,hbase,T5_Prior_Shifted,Prior-Shifted Threshold,0.16234374046325684,0.20953750610351562,431,145,286,0.0308,0.6003206037216422,0.7535326742223294,0.5806451612903226,0.3724137931034483,0.453781512605042,0.2711261995025394,0.8636363636363636,0.13636363636363635,0.618025078369906,54,39,247,91
xgboost_gpu,10,hector,T1_Default,Default Baseline (tau = 0.5),0.16398930549621582,0.20898079872131348,142,33,109,0.5,0.3221444882809972,0.6572143452877398,0.0,0.0,0.0,0.0,1.0,0.0,0.5,0,0,109,33
xgboost_gpu,10,hector,T2_Max_F1,Max-F1 Dynamic Tuning,0.16398930549621582,0.20898079872131348,142,33,109,0.29,0.3221444882809972,0.6572143452877398,0.0,0.0,0.0,-0.04633766704397066,0.9908256880733946,0.009174311926605505,0.4954128440366973,0,1,108,33
xgboost_gpu,10,hector,T3_Recall_Constrained,Recall-Constrained Tuning (>= 70%),0.16398930549621582,0.20898079872131348,142,33,109,0.26,0.3221444882809972,0.6572143452877398,0.0,0.0,0.0,-0.04633766704397066,0.9908256880733946,0.009174311926605505,0.4954128440366973,0,1,108,33
xgboost_gpu,10,hector,T4_Youdens_J,Youden's J-Statistic,0.16398930549621582,0.20898079872131348,142,33,109,0.05,0.3221444882809972,0.6572143452877398,0.38095238095238093,0.24242424242424243,0.2962962962962963,0.1465315605336795,0.8807339449541285,0.11926605504587157,0.5615790936891855,8,13,96,25
xgboost_gpu,10,hector,T5_Prior_Shifted,Prior-Shifted Threshold,0.16398930549621582,0.20898079872131348,142,33,109,0.0355,0.3221444882809972,0.6572143452877398,0.2571428571428571,0.2727272727272727,0.2647058823529412,0.03351266625488617,0.7614678899082569,0.23853211009174313,0.5170975813177647,9,26,83,24
xgboost_gpu,11,http-request,T1_Default,Default Baseline (tau = 0.5),0.14695167541503906,0.20052218437194824,163,18,145,0.5,0.13781999630200187,0.5386973180076629,0.0,0.0,0.0,0.0,1.0,0.0,0.5,0,0,145,18
xgboost_gpu,11,http-request,T2_Max_F1,Max-F1 Dynamic Tuning,0.14695167541503906,0.20052218437194824,163,18,145,0.36,0.13781999630200187,0.5386973180076629,0.0,0.0,0.0,0.0,1.0,0.0,0.5,0,0,145,18
xgboost_gpu,11,http-request,T3_Recall_Constrained,Recall-Constrained Tuning (>= 70%),0.14695167541503906,0.20052218437194824,163,18,145,0.15,0.13781999630200187,0.5386973180076629,0.0,0.0,0.0,0.0,1.0,0.0,0.5,0,0,145,18
xgboost_gpu,11,http-request,T4_Youdens_J,Youden's J-Statistic,0.14695167541503906,0.20052218437194824,163,18,145,0.03,0.13781999630200187,0.5386973180076629,0.0,0.0,0.0,-0.03926940411831123,0.9862068965517241,0.013793103448275862,0.49310344827586206,0,2,143,18
xgboost_gpu,11,http-request,T5_Prior_Shifted,Prior-Shifted Threshold,0.14695167541503906,0.20052218437194824,163,18,145,0.0362,0.13781999630200187,0.5386973180076629,0.0,0.0,0.0,-0.02768182661791332,0.993103448275862,0.006896551724137931,0.496551724137931,0,1,144,18
xgboost_gpu,12,httpcore,T1_Default,Default Baseline (tau = 0.5),0.16486692428588867,0.20315909385681152,712,22,690,0.5,0.3820006738304385,0.9249341238471674,0.5714285714285714,0.18181818181818182,0.27586206896551724,0.31125628319400217,0.9956521739130435,0.004347826086956522,0.5887351778656127,4,3,687,18
xgboost_gpu,12,httpcore,T2_Max_F1,Max-F1 Dynamic Tuning,0.16486692428588867,0.20315909385681152,712,22,690,0.42,0.3820006738304385,0.9249341238471674,0.5714285714285714,0.18181818181818182,0.27586206896551724,0.31125628319400217,0.9956521739130435,0.004347826086956522,0.5887351778656127,4,3,687,18
xgboost_gpu,12,httpcore,T3_Recall_Constrained,Recall-Constrained Tuning (>= 70%),0.16486692428588867,0.20315909385681152,712,22,690,0.17,0.3820006738304385,0.9249341238471674,0.4,0.6363636363636364,0.49122807017543857,0.48498595628573066,0.9695652173913043,0.030434782608695653,0.8029644268774703,14,21,669,8
xgboost_gpu,12,httpcore,T4_Youdens_J,Youden's J-Statistic,0.16486692428588867,0.20315909385681152,712,22,690,0.03,0.3820006738304385,0.9249341238471674,0.14583333333333334,0.9545454545454546,0.25301204819277107,0.3344270778958514,0.8217391304347826,0.1782608695652174,0.8881422924901186,21,123,567,1
xgboost_gpu,12,httpcore,T5_Prior_Shifted,Prior-Shifted Threshold,0.16486692428588867,0.20315909385681152,712,22,690,0.037,0.3820006738304385,0.9249341238471674,0.16153846153846155,0.9545454545454546,0.27631578947368424,0.3568034822448811,0.8420289855072464,0.15797101449275364,0.8982872200263505,21,109,581,1
xgboost_gpu,13,incubator-dubbo,T1_Default,Default Baseline (tau = 0.5),0.15722131729125977,0.17389273643493652,2176,19,2157,0.5,0.0957586724878407,0.8187175170192519,1.0,0.05263157894736842,0.1,0.22846445513367747,1.0,0.0,0.5263157894736842,1,0,2157,18
xgboost_gpu,13,incubator-dubbo,T2_Max_F1,Max-F1 Dynamic Tuning,0.15722131729125977,0.17389273643493652,2176,19,2157,0.42,0.0957586724878407,0.8187175170192519,0.5,0.05263157894736842,0.09523809523809523,0.16016258149599963,0.9995363931386184,0.0004636068613815484,0.5260839860429934,1,1,2156,18
xgboost_gpu,13,incubator-dubbo,T3_Recall_Constrained,Recall-Constrained Tuning (>= 70%),0.15722131729125977,0.17389273643493652,2176,19,2157,0.23,0.0957586724878407,0.8187175170192519,0.058823529411764705,0.05263157894736842,0.05555555555555555,0.047777427752026966,0.9925822902178952,0.007417709782104775,0.5226069345826319,1,16,2141,18
xgboost_gpu,13,incubator-dubbo,T4_Youdens_J,Youden's J-Statistic,0.15722131729125977,0.17389273643493652,2176,19,2157,0.06,0.0957586724878407,0.8187175170192519,0.06363636363636363,0.3684210526315789,0.10852713178294573,0.1361752209654164,0.9522484932777006,0.04775150672229949,0.6603347729546397,7,103,2054,12
xgboost_gpu,13,incubator-dubbo,T5_Prior_Shifted,Prior-Shifted Threshold,0.15722131729125977,0.17389273643493652,2176,19,2157,0.0399,0.0957586724878407,0.8187175170192519,0.0457516339869281,0.3684210526315789,0.08139534883720931,0.10943125959084506,0.932313398238294,0.06768660176170607,0.6503672254349364,7,146,2011,12
xgboost_gpu,14,java-websocket,T1_Default,Default Baseline (tau = 0.5),0.1566779613494873,0.2000894546508789,145,23,122,0.5,0.3303142102627402,0.799536707056308,0.0,0.0,0.0,0.0,1.0,0.0,0.5,0,0,122,23
xgboost_gpu,14,java-websocket,T2_Max_F1,Max-F1 Dynamic Tuning,0.1566779613494873,0.2000894546508789,145,23,122,0.28,0.3303142102627402,0.799536707056308,0.0,0.0,0.0,0.0,1.0,0.0,0.5,0,0,122,23
xgboost_gpu,14,java-websocket,T3_Recall_Constrained,Recall-Constrained Tuning (>= 70%),0.1566779613494873,0.2000894546508789,145,23,122,0.29,0.3303142102627402,0.799536707056308,0.0,0.0,0.0,0.0,1.0,0.0,0.5,0,0,122,23
xgboost_gpu,14,java-websocket,T4_Youdens_J,Youden's J-Statistic,0.1566779613494873,0.2000894546508789,145,23,122,0.04,0.3303142102627402,0.799536707056308,0.125,0.043478260869565216,0.06451612903225806,-0.022239012380096866,0.9426229508196722,0.05737704918032787,0.4930506058446187,1,7,115,22
xgboost_gpu,14,java-websocket,T5_Prior_Shifted,Prior-Shifted Threshold,0.1566779613494873,0.2000894546508789,145,23,122,0.036,0.3303142102627402,0.799536707056308,0.07692307692307693,0.08695652173913043,0.08163265306122448,-0.10453139073003581,0.8032786885245902,0.19672131147540983,0.44511760513186027,2,24,98,21
xgboost_gpu,15,jimfs,T1_Default,Default Baseline (tau = 0.5),0.1665515899658203,0.1829969882965088,212,0,212,0.5,,,1.0,,0.0,0.0,1.0,0.0,1.0,0,0,212,0
xgboost_gpu,15,jimfs,T2_Max_F1,Max-F1 Dynamic Tuning,0.1665515899658203,0.1829969882965088,212,0,212,0.4,,,1.0,,0.0,0.0,1.0,0.0,1.0,0,0,212,0
xgboost_gpu,15,jimfs,T3_Recall_Constrained,Recall-Constrained Tuning (>= 70%),0.1665515899658203,0.1829969882965088,212,0,212,0.3,,,1.0,,0.0,0.0,1.0,0.0,1.0,0,0,212,0
xgboost_gpu,15,jimfs,T4_Youdens_J,Youden's J-Statistic,0.1665515899658203,0.1829969882965088,212,0,212,0.05,,,1.0,,0.0,0.0,1.0,0.0,1.0,0,0,212,0
xgboost_gpu,15,jimfs,T5_Prior_Shifted,Prior-Shifted Threshold,0.1665515899658203,0.1829969882965088,212,0,212,0.0371,,,0.0,,0.0,0.0,0.9905660377358491,0.009433962264150943,0.9905660377358491,0,2,210,0
xgboost_gpu,16,logback,T1_Default,Default Baseline (tau = 0.5),0.16615962982177734,0.20504283905029297,805,22,783,0.5,0.05158834248006466,0.6936897712759782,0.0,0.0,0.0,0.0,1.0,0.0,0.5,0,0,783,22
xgboost_gpu,16,logback,T2_Max_F1,Max-F1 Dynamic Tuning,0.16615962982177734,0.20504283905029297,805,22,783,0.49,0.05158834248006466,0.6936897712759782,0.0,0.0,0.0,0.0,1.0,0.0,0.5,0,0,783,22
xgboost_gpu,16,logback,T3_Recall_Constrained,Recall-Constrained Tuning (>= 70%),0.16615962982177734,0.20504283905029297,805,22,783,0.2,0.05158834248006466,0.6936897712759782,0.0,0.0,0.0,0.0,1.0,0.0,0.5,0,0,783,22
xgboost_gpu,16,logback,T4_Youdens_J,Youden's J-Statistic,0.16615962982177734,0.20504283905029297,805,22,783,0.04,0.05158834248006466,0.6936897712759782,0.06451612903225806,0.09090909090909091,0.07547169811320754,0.045646178844786105,0.9629629629629629,0.037037037037037035,0.5269360269360269,2,29,754,20
xgboost_gpu,16,logback,T5_Prior_Shifted,Prior-Shifted Threshold,0.16615962982177734,0.20504283905029297,805,22,783,0.0371,0.05158834248006466,0.6936897712759782,0.0625,0.09090909090909091,0.07407407407407407,0.043890571932422115,0.9616858237547893,0.038314176245210725,0.5262974573319401,2,30,753,20
xgboost_gpu,17,ninja,T1_Default,Default Baseline (tau = 0.5),0.16248750686645508,0.2012181282043457,307,1,306,0.5,0.04,0.9215686274509803,0.0,0.0,0.0,-0.005678885630303184,0.9901960784313726,0.00980392156862745,0.4950980392156863,0,3,303,1
xgboost_gpu,17,ninja,T2_Max_F1,Max-F1 Dynamic Tuning,0.16248750686645508,0.2012181282043457,307,1,306,0.29,0.04,0.9215686274509803,0.0,0.0,0.0,-0.0115297237496872,0.9607843137254902,0.0392156862745098,0.4803921568627451,0,12,294,1
xgboost_gpu,17,ninja,T3_Recall_Constrained,Recall-Constrained Tuning (>= 70%),0.16248750686645508,0.2012181282043457,307,1,306,0.17,0.04,0.9215686274509803,0.0,0.0,0.0,-0.015490517173711905,0.9313725490196079,0.06862745098039216,0.46568627450980393,0,21,285,1
xgboost_gpu,17,ninja,T4_Youdens_J,Youden's J-Statistic,0.16248750686645508,0.2012181282043457,307,1,306,0.04,0.04,0.9215686274509803,0.019230769230769232,1.0,0.03773584905660377,0.12659242088545833,0.8333333333333334,0.16666666666666666,0.9166666666666667,1,51,255,0
xgboost_gpu,17,ninja,T5_Prior_Shifted,Prior-Shifted Threshold,0.16248750686645508,0.2012181282043457,307,1,306,0.0373,0.04,0.9215686274509803,0.018518518518518517,1.0,0.03636363636363636,0.1237378789889483,0.826797385620915,0.17320261437908496,0.9133986928104575,1,53,253,0
xgboost_gpu,18,okhttp,T1_Default,Default Baseline (tau = 0.5),0.1653118133544922,0.21065974235534668,810,100,710,0.5,0.15042805100447765,0.5,0.0,0.0,0.0,0.0,1.0,0.0,0.5,0,0,710,100
xgboost_gpu,18,okhttp,T2_Max_F1,Max-F1 Dynamic Tuning,0.1653118133544922,0.21065974235534668,810,100,710,0.19,0.15042805100447765,0.5,0.5714285714285714,0.04,0.07476635514018691,0.1271445501643954,0.995774647887324,0.004225352112676056,0.517887323943662,4,3,707,96
xgboost_gpu,18,okhttp,T3_Recall_Constrained,Recall-Constrained Tuning (>= 70%),0.1653118133544922,0.21065974235534668,810,100,710,0.15,0.15042805100447765,0.5,0.4444444444444444,0.04,0.07339449541284404,0.10343063006956918,0.9929577464788732,0.007042253521126761,0.5164788732394366,4,5,705,96
xgboost_gpu,18,okhttp,T4_Youdens_J,Youden's J-Statistic,0.1653118133544922,0.21065974235534668,810,100,710,0.02,0.15042805100447765,0.5,0.12,0.15,0.13333333333333333,-0.004488886016183716,0.8450704225352113,0.15492957746478872,0.49753521126760564,15,110,600,85
xgboost_gpu,18,okhttp,T5_Prior_Shifted,Prior-Shifted Threshold,0.1653118133544922,0.21065974235534668,810,100,710,0.0335,0.15042805100447765,0.5,0.12195121951219512,0.1,0.10989010989010989,-0.0015360247367151058,0.8985915492957747,0.10140845070422536,0.4992957746478873,10,72,638,90
xgboost_gpu,19,orbit,T1_Default,Default Baseline (tau = 0.5),0.1705946922302246,0.21356558799743652,86,7,79,0.5,0.16496064997834126,0.6889692585895117,0.0,0.0,0.0,-0.04593152121746254,0.9746835443037974,0.02531645569620253,0.4873417721518987,0,2,77,7
xgboost_gpu,19,orbit,T2_Max_F1,Max-F1 Dynamic Tuning,0.1705946922302246,0.21356558799743652,86,7,79,0.34,0.16496064997834126,0.6889692585895117,0.0,0.0,0.0,-0.04593152121746254,0.9746835443037974,0.02531645569620253,0.4873417721518987,0,2,77,7
xgboost_gpu,19,orbit,T3_Recall_Constrained,Recall-Constrained Tuning (>= 70%),0.1705946922302246,0.21356558799743652,86,7,79,0.19,0.16496064997834126,0.6889692585895117,0.0,0.0,0.0,-0.05659226231861449,0.9620253164556962,0.0379746835443038,0.4810126582278481,0,3,76,7
xgboost_gpu,19,orbit,T4_Youdens_J,Youden's J-Statistic,0.1705946922302246,0.21356558799743652,86,7,79,0.07,0.16496064997834126,0.6889692585895117,0.15789473684210525,0.42857142857142855,0.23076923076923078,0.14898180974501113,0.7974683544303798,0.20253164556962025,0.6130198915009042,3,16,63,4
xgboost_gpu,19,orbit,T5_Prior_Shifted,Prior-Shifted Threshold,0.1705946922302246,0.21356558799743652,86,7,79,0.0366,0.16496064997834126,0.6889692585895117,0.12903225806451613,0.5714285714285714,0.21052631578947367,0.1307913322755379,0.6582278481012658,0.34177215189873417,0.6148282097649186,4,27,52,3
xgboost_gpu,20,spring-boot,T1_Default,Default Baseline (tau = 0.5),0.1686406135559082,0.16298365592956543,2115,160,1955,0.5,0.12369947809284072,0.7167167519181585,0.023809523809523808,0.00625,0.009900990099009901,-0.02790435356709227,0.9790281329923274,0.020971867007672635,0.4926390664961637,1,41,1914,159
xgboost_gpu,20,spring-boot,T2_Max_F1,Max-F1 Dynamic Tuning,0.1686406135559082,0.16298365592956543,2115,160,1955,0.3,0.12369947809284072,0.7167167519181585,0.012903225806451613,0.0125,0.012698412698412698,-0.06672783506802422,0.9217391304347826,0.0782608695652174,0.4671195652173913,2,153,1802,158
xgboost_gpu,20,spring-boot,T3_Recall_Constrained,Recall-Constrained Tuning (>= 70%),0.1686406135559082,0.16298365592956543,2115,160,1955,0.2,0.12369947809284072,0.7167167519181585,0.010471204188481676,0.0125,0.011396011396011397,-0.07766015793778282,0.9033248081841432,0.09667519181585678,0.45791240409207157,2,189,1766,158
xgboost_gpu,20,spring-boot,T4_Youdens_J,Youden's J-Statistic,0.1686406135559082,0.16298365592956543,2115,160,1955,0.03,0.12369947809284072,0.7167167519181585,0.15292096219931273,0.55625,0.2398921832884097,0.18004583127160842,0.7478260869565218,0.25217391304347825,0.6520380434782609,89,493,1462,71
xgboost_gpu,20,spring-boot,T5_Prior_Shifted,Prior-Shifted Threshold,0.1686406135559082,0.16298365592956543,2115,160,1955,0.0326,0.12369947809284072,0.7167167519181585,0.14338235294117646,0.4875,0.2215909090909091,0.15072446870463313,0.7616368286445013,0.23836317135549873,0.6245684143222506,78,466,1489,82
xgboost_gpu,21,undertow,T1_Default,Default Baseline (tau = 0.5),0.16801047325134277,0.20626068115234375,183,7,176,0.5,0.1880342309774947,0.5097402597402598,0.25,0.14285714285714285,0.18181818181818182,0.1650326346950863,0.9829545454545454,0.017045454545454544,0.5629058441558441,1,3,173,6
xgboost_gpu,21,undertow,T2_Max_F1,Max-F1 Dynamic Tuning,0.16801047325134277,0.20626068115234375,183,7,176,0.38,0.1880342309774947,0.5097402597402598,0.1,0.14285714285714285,0.11764705882352941,0.07740161777800289,0.9488636363636364,0.05113636363636364,0.5458603896103896,1,9,167,6
xgboost_gpu,21,undertow,T3_Recall_Constrained,Recall-Constrained Tuning (>= 70%),0.16801047325134277,0.20626068115234375,183,7,176,0.21,0.1880342309774947,0.5097402597402598,0.041666666666666664,0.14285714285714285,0.06451612903225806,0.006918018548833149,0.8693181818181818,0.13068181818181818,0.5060876623376623,1,23,153,6
xgboost_gpu,21,undertow,T4_Youdens_J,Youden's J-Statistic,0.16801047325134277,0.20626068115234375,183,7,176,0.04,0.1880342309774947,0.5097402597402598,0.05660377358490566,0.42857142857142855,0.1,0.06109491113464714,0.7159090909090909,0.2840909090909091,0.5722402597402597,3,50,126,4
xgboost_gpu,21,undertow,T5_Prior_Shifted,Prior-Shifted Threshold,0.16801047325134277,0.20626068115234375,183,7,176,0.0368,0.1880342309774947,0.5097402597402598,0.05263157894736842,0.42857142857142855,0.09375,0.05042700845758081,0.6931818181818182,0.3068181818181818,0.5608766233766234,3,54,122,4
xgboost_gpu,22,wildfly,T1_Default,Default Baseline (tau = 0.5),0.16513729095458984,0.2049274444580078,1030,23,1007,0.5,0.04359601481121934,0.663745088726739,0.10526315789473684,0.08695652173913043,0.09523809523809523,0.07694625514966538,0.9831181727904668,0.016881827209533268,0.5350373472647986,2,17,990,21
xgboost_gpu,22,wildfly,T2_Max_F1,Max-F1 Dynamic Tuning,0.16513729095458984,0.2049274444580078,1030,23,1007,0.3,0.04359601481121934,0.663745088726739,0.0392156862745098,0.08695652173913043,0.05405405405405406,0.026083660122724985,0.9513406156901688,0.04865938430983118,0.5191485687146496,2,49,958,21
xgboost_gpu,22,wildfly,T3_Recall_Constrained,Recall-Constrained Tuning (>= 70%),0.16513729095458984,0.2049274444580078,1030,23,1007,0.22,0.04359601481121934,0.663745088726739,0.03076923076923077,0.08695652173913043,0.045454545454545456,0.014823455690566567,0.9374379344587885,0.06256206554121152,0.5121972280989595,2,63,944,21
xgboost_gpu,22,wildfly,T4_Youdens_J,Youden's J-Statistic,0.16513729095458984,0.2049274444580078,1030,23,1007,0.04,0.04359601481121934,0.663745088726739,0.025974025974025976,0.34782608695652173,0.04833836858006042,0.016107762730395197,0.702085402184707,0.29791459781529295,0.5249557445706143,8,300,707,15
xgboost_gpu,22,wildfly,T5_Prior_Shifted,Prior-Shifted Threshold,0.16513729095458984,0.2049274444580078,1030,23,1007,0.0375,0.04359601481121934,0.663745088726739,0.027777777777777776,0.391304347826087,0.05187319884726225,0.024977005528521206,0.6871896722939425,0.3128103277060576,0.5392470100600147,9,315,692,14
xgboost_gpu,23,wro4j,T1_Default,Default Baseline (tau = 0.5),0.17969775199890137,0.21604132652282715,1135,16,1119,0.5,0.04341797513593069,0.6565013404825738,0.3333333333333333,0.0625,0.10526315789473684,0.13940253414572562,0.998212689901698,0.0017873100983020554,0.530356344950849,1,2,1117,15
xgboost_gpu,23,wro4j,T2_Max_F1,Max-F1 Dynamic Tuning,0.17969775199890137,0.21604132652282715,1135,16,1119,0.46,0.04341797513593069,0.6565013404825738,0.125,0.0625,0.08333333333333333,0.07925879849113303,0.9937444146559428,0.006255585344057194,0.5281222073279714,1,7,1112,15
xgboost_gpu,23,wro4j,T3_Recall_Constrained,Recall-Constrained Tuning (>= 70%),0.17969775199890137,0.21604132652282715,1135,16,1119,0.22,0.04341797513593069,0.6565013404825738,0.02857142857142857,0.125,0.046511627906976744,0.031477409347241574,0.9392314566577301,0.06076854334226988,0.5321157283288651,2,68,1051,14
xgboost_gpu,23,wro4j,T4_Youdens_J,Youden's J-Statistic,0.17969775199890137,0.21604132652282715,1135,16,1119,0.04,0.04341797513593069,0.6565013404825738,0.01834862385321101,0.375,0.03498542274052478,0.022943116351472878,0.7131367292225201,0.2868632707774799,0.5440683646112601,6,321,798,10
xgboost_gpu,23,wro4j,T5_Prior_Shifted,Prior-Shifted Threshold,0.17969775199890137,0.21604132652282715,1135,16,1119,0.038,0.04341797513593069,0.6565013404825738,0.017595307917888565,0.375,0.03361344537815126,0.01944716007650857,0.7006255585344057,0.2993744414655943,0.5378127792672028,6,335,784,10
xgboost_gpu,24,zxing,T1_Default,Default Baseline (tau = 0.5),0.17030572891235352,0.20729994773864746,345,2,343,0.5,0.006091690119982225,0.2740524781341108,0.0,0.0,0.0,0.0,1.0,0.0,0.5,0,0,343,2
xgboost_gpu,24,zxing,T2_Max_F1,Max-F1 Dynamic Tuning,0.17030572891235352,0.20729994773864746,345,2,343,0.3,0.006091690119982225,0.2740524781341108,0.0,0.0,0.0,-0.007151802490310841,0.9912536443148688,0.008746355685131196,0.4956268221574344,0,3,340,2
xgboost_gpu,24,zxing,T3_Recall_Constrained,Recall-Constrained Tuning (>= 70%),0.17030572891235352,0.20729994773864746,345,2,343,0.2,0.006091690119982225,0.2740524781341108,0.0,0.0,0.0,-0.014495608269481172,0.9650145772594753,0.03498542274052478,0.48250728862973763,0,12,331,2
xgboost_gpu,24,zxing,T4_Youdens_J,Youden's J-Statistic,0.17030572891235352,0.20729994773864746,345,2,343,0.03,0.006091690119982225,0.2740524781341108,0.0,0.0,0.0,-0.046047026515736014,0.7317784256559767,0.26822157434402333,0.36588921282798836,0,92,251,2
xgboost_gpu,24,zxing,T5_Prior_Shifted,Prior-Shifted Threshold,0.17030572891235352,0.20729994773864746,345,2,343,0.0373,0.006091690119982225,0.2740524781341108,0.0,0.0,0.0,-0.042979003154179185,0.7580174927113703,0.24198250728862974,0.37900874635568516,0,83,260,2
random_forest,1,achilles,T1_Default,Default Baseline (tau = 0.5),0.18725085258483887,0.21709513664245605,1317,4,1313,0.5,0.007707909095722835,0.6624143183549124,0.0,0.0,0.0,0.0,1.0,0.0,0.5,0,0,1313,4
random_forest,1,achilles,T2_Max_F1,Max-F1 Dynamic Tuning,0.18725085258483887,0.21709513664245605,1317,4,1313,0.39,0.007707909095722835,0.6624143183549124,0.0,0.0,0.0,-0.0021525326817524136,0.9984767707539984,0.0015232292460015233,0.4992383853769992,0,2,1311,4
random_forest,1,achilles,T3_Recall_Constrained,Recall-Constrained Tuning (>= 70%),0.18725085258483887,0.21709513664245605,1317,4,1313,0.4,0.007707909095722835,0.6624143183549124,0.0,0.0,0.0,-0.0021525326817524136,0.9984767707539984,0.0015232292460015233,0.4992383853769992,0,2,1311,4
random_forest,1,achilles,T4_Youdens_J,Youden's J-Statistic,0.18725085258483887,0.21709513664245605,1317,4,1313,0.07,0.007707909095722835,0.6624143183549124,0.008,0.5,0.015748031496062992,0.043655350500677925,0.8111195734958111,0.18888042650418888,0.6555597867479055,2,248,1065,2
random_forest,1,achilles,T5_Prior_Shifted,Prior-Shifted Threshold,0.18725085258483887,0.21709513664245605,1317,4,1313,0.0389,0.007707909095722835,0.6624143183549124,0.004329004329004329,0.5,0.008583690987124463,0.017256636147330407,0.6496572734196496,0.3503427265803503,0.5748286367098248,2,460,853,2
random_forest,2,activiti,T1_Default,Default Baseline (tau = 0.5),0.1924300193786621,0.21245408058166504,2044,32,2012,0.5,0.025876596308013193,0.6691724652087475,0.027251184834123223,0.71875,0.05251141552511415,0.07833683521312557,0.591948310139165,0.408051689860835,0.6553491550695825,23,821,1191,9
random_forest,2,activiti,T2_Max_F1,Max-F1 Dynamic Tuning,0.1924300193786621,0.21245408058166504,2044,32,2012,0.28,0.025876596308013193,0.6691724652087475,0.018963337547408345,0.9375,0.03717472118959108,0.04930695573469157,0.2286282306163022,0.7713717693836978,0.583064115308151,30,1552,460,2
random_forest,2,activiti,T3_Recall_Constrained,Recall-Constrained Tuning (>= 70%),0.1924300193786621,0.21245408058166504,2044,32,2012,0.28,0.025876596308013193,0.6691724652087475,0.018963337547408345,0.9375,0.03717472118959108,0.04930695573469157,0.2286282306163022,0.7713717693836978,0.583064115308151,30,1552,460,2
random_forest,2,activiti,T4_Youdens_J,Youden's J-Statistic,0.1924300193786621,0.21245408058166504,2044,32,2012,0.05,0.025876596308013193,0.6691724652087475,0.015739769150052464,0.9375,0.030959752321981424,0.0025204835944475086,0.06759443339960239,0.9324055666003976,0.5025472166998012,30,1876,136,2
random_forest,2,activiti,T5_Prior_Shifted,Prior-Shifted Threshold,0.1924300193786621,0.21245408058166504,2044,32,2012,0.039,0.025876596308013193,0.6691724652087475,0.015690376569037656,0.9375,0.030864197530864196,0.0010668884694278661,0.06461232604373758,0.9353876739562624,0.5010561630218688,30,1882,130,2
random_forest,3,alluxio,T1_Default,Default Baseline (tau = 0.5),0.19647502899169922,0.216566801071167,187,116,71,0.5,0.9844148160015567,0.9752914035939777,1.0,0.008620689655172414,0.017094017094017096,0.05736456539533723,1.0,0.0,0.5043103448275862,1,0,71,115
random_forest,3,alluxio,T2_Max_F1,Max-F1 Dynamic Tuning,0.19647502899169922,0.216566801071167,187,116,71,0.3,0.9844148160015567,0.9752914035939777,1.0,0.2672413793103448,0.4217687074829932,0.34875362263566967,1.0,0.0,0.6336206896551724,31,0,71,85
random_forest,3,alluxio,T3_Recall_Constrained,Recall-Constrained Tuning (>= 70%),0.19647502899169922,0.216566801071167,187,116,71,0.32,0.9844148160015567,0.9752914035939777,1.0,0.1810344827586207,0.30656934306569344,0.2782632050781668,1.0,0.0,0.5905172413793104,21,0,71,95
random_forest,3,alluxio,T4_Youdens_J,Youden's J-Statistic,0.19647502899169922,0.216566801071167,187,116,71,0.04,0.9844148160015567,0.9752914035939777,0.905511811023622,0.9913793103448276,0.9465020576131687,0.8549592609440092,0.8309859154929577,0.16901408450704225,0.9111826129188927,115,12,59,1
random_forest,3,alluxio,T5_Prior_Shifted,Prior-Shifted Threshold,0.19647502899169922,0.216566801071167,187,116,71,0.0318,0.9844148160015567,0.9752914035939777,0.905511811023622,0.9913793103448276,0.9465020576131687,0.8549592609440092,0.8309859154929577,0.16901408450704225,0.9111826129188927,115,12,59,1
random_forest,4,ambari,T1_Default,Default Baseline (tau = 0.5),0.19439339637756348,0.21659493446350098,324,52,272,0.5,0.5427724690213745,0.8503605769230769,0.425531914893617,0.38461538461538464,0.40404040404040403,0.2974241439245308,0.9007352941176471,0.09926470588235294,0.6426753393665159,20,27,245,32
random_forest,4,ambari,T2_Max_F1,Max-F1 Dynamic Tuning,0.19439339637756348,0.21659493446350098,324,52,272,0.33,0.5427724690213745,0.8503605769230769,0.4177215189873418,0.6346153846153846,0.5038167938931297,0.3979303927473936,0.8308823529411765,0.16911764705882354,0.7327488687782806,33,46,226,19
random_forest,4,ambari,T3_Recall_Constrained,Recall-Constrained Tuning (>= 70%),0.19439339637756348,0.21659493446350098,324,52,272,0.34,0.5427724690213745,0.8503605769230769,0.40789473684210525,0.5961538461538461,0.484375,0.3731136471677252,0.8345588235294118,0.16544117647058823,0.715356334841629,31,45,227,21
random_forest,4,ambari,T4_Youdens_J,Youden's J-Statistic,0.19439339637756348,0.21659493446350098,324,52,272,0.05,0.5427724690213745,0.8503605769230769,0.265625,0.9807692307692307,0.4180327868852459,0.3454252213293641,0.48161764705882354,0.5183823529411765,0.7311934389140271,51,141,131,1
random_forest,4,ambari,T5_Prior_Shifted,Prior-Shifted Threshold,0.19439339637756348,0.21659493446350098,324,52,272,0.0349,0.5427724690213745,0.8503605769230769,0.2524752475247525,0.9807692307692307,0.4015748031496063,0.32244434696020013,0.44485294117647056,0.5551470588235294,0.7128110859728507,51,151,121,1
random_forest,5,assertj-core,T1_Default,Default Baseline (tau = 0.5),0.1634502410888672,0.19842219352722168,6261,1,6260,0.5,0.00015971889474524837,0.245926517571885,0.0,0.0,0.0,0.0,1.0,0.0,0.5,0,0,6260,1
random_forest,5,assertj-core,T2_Max_F1,Max-F1 Dynamic Tuning,0.1634502410888672,0.19842219352722168,6261,1,6260,0.43,0.00015971889474524837,0.245926517571885,0.0,0.0,0.0,-0.0003195654002466485,0.9993610223642172,0.0006389776357827476,0.4996805111821086,0,4,6256,1
random_forest,5,assertj-core,T3_Recall_Constrained,Recall-Constrained Tuning (>= 70%),0.1634502410888672,0.19842219352722168,6261,1,6260,0.31,0.00015971889474524837,0.245926517571885,0.0,0.0,0.0,-0.0003195654002466485,0.9993610223642172,0.0006389776357827476,0.4996805111821086,0,4,6256,1
random_forest,5,assertj-core,T4_Youdens_J,Youden's J-Statistic,0.1634502410888672,0.19842219352722168,6261,1,6260,0.08,0.00015971889474524837,0.245926517571885,0.0,0.0,0.0,-0.0022600950332157532,0.9690095846645368,0.030990415335463258,0.4845047923322684,0,194,6066,1
random_forest,5,assertj-core,T5_Prior_Shifted,Prior-Shifted Threshold,0.1634502410888672,0.19842219352722168,6261,1,6260,0.0514,0.00015971889474524837,0.245926517571885,0.0,0.0,0.0,-0.0032930204090924698,0.9364217252396166,0.06357827476038339,0.4682108626198083,0,398,5862,1
random_forest,6,commons-exec,T1_Default,Default Baseline (tau = 0.5),0.2074446678161621,0.2280890941619873,55,1,54,0.5,0.2,0.9351851851851852,0.0,0.0,0.0,0.0,1.0,0.0,0.5,0,0,54,1
random_forest,6,commons-exec,T2_Max_F1,Max-F1 Dynamic Tuning,0.2074446678161621,0.2280890941619873,55,1,54,0.33,0.2,0.9351851851851852,0.0,0.0,0.0,-0.02643505285727147,0.9629629629629629,0.037037037037037035,0.48148148148148145,0,2,52,1
random_forest,6,commons-exec,T3_Recall_Constrained,Recall-Constrained Tuning (>= 70%),0.2074446678161621,0.2280890941619873,55,1,54,0.33,0.2,0.9351851851851852,0.0,0.0,0.0,-0.02643505285727147,0.9629629629629629,0.037037037037037035,0.48148148148148145,0,2,52,1
random_forest,6,commons-exec,T4_Youdens_J,Youden's J-Statistic,0.2074446678161621,0.2280890941619873,55,1,54,0.1,0.2,0.9351851851851852,0.125,1.0,0.2222222222222222,0.3298428357510533,0.8703703703703703,0.12962962962962962,0.9351851851851851,1,7,47,0
random_forest,6,commons-exec,T5_Prior_Shifted,Prior-Shifted Threshold,0.2074446678161621,0.2280890941619873,55,1,54,0.0368,0.2,0.9351851851851852,0.08333333333333333,1.0,0.15384615384615385,0.2576005137637696,0.7962962962962963,0.2037037037037037,0.8981481481481481,1,11,43,0
random_forest,7,elastic-job-lite,T1_Default,Default Baseline (tau = 0.5),0.19454741477966309,0.22569894790649414,558,3,555,0.5,0.010801123704349512,0.6531531531531531,0.0,0.0,0.0,0.0,1.0,0.0,0.5,0,0,555,3
random_forest,7,elastic-job-lite,T2_Max_F1,Max-F1 Dynamic Tuning,0.19454741477966309,0.22569894790649414,558,3,555,0.47,0.010801123704349512,0.6531531531531531,0.0,0.0,0.0,0.0,1.0,0.0,0.5,0,0,555,3
random_forest,7,elastic-job-lite,T3_Recall_Constrained,Recall-Constrained Tuning (>= 70%),0.19454741477966309,0.22569894790649414,558,3,555,0.23,0.010801123704349512,0.6531531531531531,0.0,0.0,0.0,-0.004409524275473565,0.9963963963963964,0.0036036036036036037,0.4981981981981982,0,2,553,3
random_forest,7,elastic-job-lite,T4_Youdens_J,Youden's J-Statistic,0.19454741477966309,0.22569894790649414,558,3,555,0.03,0.010801123704349512,0.6531531531531531,0.0,0.0,0.0,-0.025993762245501817,0.8882882882882883,0.11171171171171171,0.44414414414414416,0,62,493,3
random_forest,7,elastic-job-lite,T5_Prior_Shifted,Prior-Shifted Threshold,0.19454741477966309,0.22569894790649414,558,3,555,0.0376,0.010801123704349512,0.6531531531531531,0.0,0.0,0.0,-0.02151091650458875,0.9207207207207208,0.07927927927927927,0.4603603603603604,0,44,511,3
random_forest,8,handlebars.java,T1_Default,Default Baseline (tau = 0.5),0.20256948471069336,0.22502708435058594,420,1,419,0.5,0.013157894736842105,0.834128878281623,0.0,0.0,0.0,0.0,1.0,0.0,0.5,0,0,419,1
random_forest,8,handlebars.java,T2_Max_F1,Max-F1 Dynamic Tuning,0.20256948471069336,0.22502708435058594,420,1,419,0.31,0.013157894736842105,0.834128878281623,0.0,0.0,0.0,0.0,1.0,0.0,0.5,0,0,419,1
random_forest,8,handlebars.java,T3_Recall_Constrained,Recall-Constrained Tuning (>= 70%),0.20256948471069336,0.22502708435058594,420,1,419,0.18,0.013157894736842105,0.834128878281623,0.0,0.0,0.0,-0.005362335003071469,0.9880668257756563,0.011933174224343675,0.49403341288782815,0,5,414,1
random_forest,8,handlebars.java,T4_Youdens_J,Youden's J-Statistic,0.20256948471069336,0.22502708435058594,420,1,419,0.05,0.013157894736842105,0.834128878281623,0.007692307692307693,1.0,0.015267175572519083,0.0729659617699573,0.6921241050119332,0.30787589498806683,0.8460620525059666,1,129,290,0
random_forest,8,handlebars.java,T5_Prior_Shifted,Prior-Shifted Threshold,0.20256948471069336,0.22502708435058594,420,1,419,0.0375,0.013157894736842105,0.834128878281623,0.006289308176100629,1.0,0.0125,0.06259140207149136,0.6229116945107399,0.37708830548926014,0.8114558472553699,1,158,261,0
random_forest,9,hbase,T1_Default,Default Baseline (tau = 0.5),0.19318318367004395,0.22312355041503906,431,145,286,0.5,0.6434132469234567,0.7971063419339282,0.6666666666666666,0.013793103448275862,0.02702702702702703,0.05851650045143829,0.9965034965034965,0.0034965034965034965,0.5051482999758862,2,1,285,143
random_forest,9,hbase,T2_Max_F1,Max-F1 Dynamic Tuning,0.19318318367004395,0.22312355041503906,431,145,286,0.39,0.6434132469234567,0.7971063419339282,0.6,0.041379310344827586,0.07741935483870968,0.0859746201621264,0.986013986013986,0.013986013986013986,0.5136966481794069,6,4,282,139
random_forest,9,hbase,T3_Recall_Constrained,Recall-Constrained Tuning (>= 70%),0.19318318367004395,0.22312355041503906,431,145,286,0.24,0.6434132469234567,0.7971063419339282,0.7608695652173914,0.2413793103448276,0.36649214659685864,0.3105115949773078,0.9615384615384616,0.038461538461538464,0.6014588859416445,35,11,275,110
random_forest,9,hbase,T4_Youdens_J,Youden's J-Statistic,0.19318318367004395,0.22312355041503906,431,145,286,0.06,0.6434132469234567,0.7971063419339282,0.6711409395973155,0.6896551724137931,0.6802721088435374,0.514935393278987,0.8286713286713286,0.17132867132867133,0.759163250542561,100,49,237,45
random_forest,9,hbase,T5_Prior_Shifted,Prior-Shifted Threshold,0.19318318367004395,0.22312355041503906,431,145,286,0.0308,0.6434132469234567,0.7971063419339282,0.5894736842105263,0.7724137931034483,0.6686567164179105,0.47553154303560075,0.7272727272727273,0.2727272727272727,0.7498432601880878,112,78,208,33
random_forest,10,hector,T1_Default,Default Baseline (tau = 0.5),0.20367813110351562,0.21992135047912598,142,33,109,0.5,0.41379402593410336,0.7314428690575481,0.0,0.0,0.0,0.0,1.0,0.0,0.5,0,0,109,33
random_forest,10,hector,T2_Max_F1,Max-F1 Dynamic Tuning,0.20367813110351562,0.21992135047912598,142,33,109,0.4,0.41379402593410336,0.7314428690575481,0.0,0.0,0.0,0.0,1.0,0.0,0.5,0,0,109,33
random_forest,10,hector,T3_Recall_Constrained,Recall-Constrained Tuning (>= 70%),0.20367813110351562,0.21992135047912598,142,33,109,0.33,0.41379402593410336,0.7314428690575481,0.0,0.0,0.0,0.0,1.0,0.0,0.5,0,0,109,33
random_forest,10,hector,T4_Youdens_J,Youden's J-Statistic,0.20367813110351562,0.21992135047912598,142,33,109,0.07,0.41379402593410336,0.7314428690575481,0.42857142857142855,0.45454545454545453,0.4411764705882353,0.26564918372775626,0.8165137614678899,0.1834862385321101,0.6355296080066722,15,20,89,18
random_forest,10,hector,T5_Prior_Shifted,Prior-Shifted Threshold,0.20367813110351562,0.21992135047912598,142,33,109,0.0355,0.41379402593410336,0.7314428690575481,0.38028169014084506,0.8181818181818182,0.5192307692307693,0.3501459245425086,0.5963302752293578,0.4036697247706422,0.707256046705588,27,44,65,6
random_forest,11,http-request,T1_Default,Default Baseline (tau = 0.5),0.19717192649841309,0.23855161666870117,163,18,145,0.5,0.12653215221738626,0.5375478927203065,0.0,0.0,0.0,0.0,1.0,0.0,0.5,0,0,145,18
random_forest,11,http-request,T2_Max_F1,Max-F1 Dynamic Tuning,0.19717192649841309,0.23855161666870117,163,18,145,0.36,0.12653215221738626,0.5375478927203065,0.0,0.0,0.0,0.0,1.0,0.0,0.5,0,0,145,18
random_forest,11,http-request,T3_Recall_Constrained,Recall-Constrained Tuning (>= 70%),0.19717192649841309,0.23855161666870117,163,18,145,0.21,0.12653215221738626,0.5375478927203065,0.0,0.0,0.0,0.0,1.0,0.0,0.5,0,0,145,18
random_forest,11,http-request,T4_Youdens_J,Youden's J-Statistic,0.19717192649841309,0.23855161666870117,163,18,145,0.08,0.12653215221738626,0.5375478927203065,0.0,0.0,0.0,-0.10372377109252813,0.9103448275862069,0.0896551724137931,0.45517241379310347,0,13,132,18
random_forest,11,http-request,T5_Prior_Shifted,Prior-Shifted Threshold,0.19717192649841309,0.23855161666870117,163,18,145,0.0362,0.12653215221738626,0.5375478927203065,0.12987012987012986,0.5555555555555556,0.21052631578947367,0.05869146964494207,0.5379310344827586,0.46206896551724136,0.5467432950191571,10,67,78,8
random_forest,12,httpcore,T1_Default,Default Baseline (tau = 0.5),0.18186402320861816,0.2125089168548584,712,22,690,0.5,0.336017423890587,0.9319499341238472,0.0,0.0,0.0,-0.006696563550883317,0.9985507246376811,0.0014492753623188406,0.49927536231884057,0,1,689,22
random_forest,12,httpcore,T2_Max_F1,Max-F1 Dynamic Tuning,0.18186402320861816,0.2125089168548584,712,22,690,0.34,0.336017423890587,0.9319499341238472,0.42857142857142855,0.13636363636363635,0.20689655172413793,0.22899404353768088,0.9942028985507246,0.005797101449275362,0.5652832674571805,3,4,686,19
random_forest,12,httpcore,T3_Recall_Constrained,Recall-Constrained Tuning (>= 70%),0.18186402320861816,0.2125089168548584,712,22,690,0.27,0.336017423890587,0.9319499341238472,0.35294117647058826,0.2727272727272727,0.3076923076923077,0.2910643971578834,0.9840579710144928,0.015942028985507246,0.6283926218708827,6,11,679,16
random_forest,12,httpcore,T4_Youdens_J,Youden's J-Statistic,0.18186402320861816,0.2125089168548584,712,22,690,0.05,0.336017423890587,0.9319499341238472,0.10152284263959391,0.9090909090909091,0.182648401826484,0.25242113213758005,0.7434782608695653,0.2565217391304348,0.8262845849802372,20,177,513,2
random_forest,12,httpcore,T5_Prior_Shifted,Prior-Shifted Threshold,0.18186402320861816,0.2125089168548584,712,22,690,0.037,0.336017423890587,0.9319499341238472,0.078125,0.9090909090909091,0.14388489208633093,0.2044861831030285,0.6579710144927536,0.34202898550724636,0.7835309617918313,20,236,454,2
random_forest,13,incubator-dubbo,T1_Default,Default Baseline (tau = 0.5),0.19327640533447266,0.21819019317626953,2176,19,2157,0.5,0.04844952199868823,0.7576922138447648,0.0,0.0,0.0,0.0,1.0,0.0,0.5,0,0,2157,19
random_forest,13,incubator-dubbo,T2_Max_F1,Max-F1 Dynamic Tuning,0.19327640533447266,0.21819019317626953,2176,19,2157,0.4,0.04844952199868823,0.7576922138447648,0.0,0.0,0.0,-0.0020124360906536264,0.9995363931386184,0.0004636068613815484,0.4997681965693092,0,1,2156,19
random_forest,13,incubator-dubbo,T3_Recall_Constrained,Recall-Constrained Tuning (>= 70%),0.19327640533447266,0.21819019317626953,2176,19,2157,0.33,0.04844952199868823,0.7576922138447648,0.14285714285714285,0.05263157894736842,0.07692307692307693,0.08190071582729719,0.9972183588317107,0.0027816411682892906,0.5249249688895395,1,6,2151,18
random_forest,13,incubator-dubbo,T4_Youdens_J,Youden's J-Statistic,0.19327640533447266,0.21819019317626953,2176,19,2157,0.05,0.04844952199868823,0.7576922138447648,0.02973977695167286,0.42105263157894735,0.05555555555555555,0.08480975595126884,0.8789986091794159,0.12100139082058414,0.6500256203791817,8,261,1896,11
random_forest,13,incubator-dubbo,T5_Prior_Shifted,Prior-Shifted Threshold,0.19327640533447266,0.21819019317626953,2176,19,2157,0.0399,0.04844952199868823,0.7576922138447648,0.03058103975535168,0.5263157894736842,0.057803468208092484,0.09876484662122731,0.8530366249420491,0.14696337505795085,0.6896762072078666,10,317,1840,9
random_forest,14,java-websocket,T1_Default,Default Baseline (tau = 0.5),0.19568085670471191,0.21245932579040527,145,23,122,0.5,0.39463782784721,0.76176051318603,0.0,0.0,0.0,0.0,1.0,0.0,0.5,0,0,122,23
random_forest,14,java-websocket,T2_Max_F1,Max-F1 Dynamic Tuning,0.19568085670471191,0.21245932579040527,145,23,122,0.33,0.39463782784721,0.76176051318603,0.0,0.0,0.0,0.0,1.0,0.0,0.5,0,0,122,23
random_forest,14,java-websocket,T3_Recall_Constrained,Recall-Constrained Tuning (>= 70%),0.19568085670471191,0.21245932579040527,145,23,122,0.35,0.39463782784721,0.76176051318603,0.0,0.0,0.0,0.0,1.0,0.0,0.5,0,0,122,23
random_forest,14,java-websocket,T4_Youdens_J,Youden's J-Statistic,0.19568085670471191,0.21245932579040527,145,23,122,0.05,0.39463782784721,0.76176051318603,0.0625,0.08695652173913043,0.07272727272727272,-0.14001572530588788,0.7540983606557377,0.2459016393442623,0.420527441197434,2,30,92,21
random_forest,14,java-websocket,T5_Prior_Shifted,Prior-Shifted Threshold,0.19568085670471191,0.21245932579040527,145,23,122,0.036,0.39463782784721,0.76176051318603,0.4230769230769231,0.9565217391304348,0.5866666666666667,0.5413001837727041,0.7540983606557377,0.2459016393442623,0.8553100498930862,22,30,92,1
random_forest,15,jimfs,T1_Default,Default Baseline (tau = 0.5),0.19975519180297852,0.2208540439605713,212,0,212,0.5,,,1.0,,0.0,0.0,1.0,0.0,1.0,0,0,212,0
random_forest,15,jimfs,T2_Max_F1,Max-F1 Dynamic Tuning,0.19975519180297852,0.2208540439605713,212,0,212,0.46,,,1.0,,0.0,0.0,1.0,0.0,1.0,0,0,212,0
random_forest,15,jimfs,T3_Recall_Constrained,Recall-Constrained Tuning (>= 70%),0.19975519180297852,0.2208540439605713,212,0,212,0.39,,,1.0,,0.0,0.0,1.0,0.0,1.0,0,0,212,0
random_forest,15,jimfs,T4_Youdens_J,Youden's J-Statistic,0.19975519180297852,0.2208540439605713,212,0,212,0.08,,,0.0,,0.0,0.0,0.9952830188679245,0.0047169811320754715,0.9952830188679245,0,1,211,0
random_forest,15,jimfs,T5_Prior_Shifted,Prior-Shifted Threshold,0.19975519180297852,0.2208540439605713,212,0,212,0.0371,,,0.0,,0.0,0.0,0.9056603773584906,0.09433962264150944,0.9056603773584906,0,20,192,0
random_forest,16,logback,T1_Default,Default Baseline (tau = 0.5),0.18603062629699707,0.21268582344055176,805,22,783,0.5,0.04896946283894592,0.6999013119702775,0.0,0.0,0.0,0.0,1.0,0.0,0.5,0,0,783,22
random_forest,16,logback,T2_Max_F1,Max-F1 Dynamic Tuning,0.18603062629699707,0.21268582344055176,805,22,783,0.45,0.04896946283894592,0.6999013119702775,0.0,0.0,0.0,0.0,1.0,0.0,0.5,0,0,783,22
random_forest,16,logback,T3_Recall_Constrained,Recall-Constrained Tuning (>= 70%),0.18603062629699707,0.21268582344055176,805,22,783,0.37,0.04896946283894592,0.6999013119702775,0.0,0.0,0.0,0.0,1.0,0.0,0.5,0,0,783,22
random_forest,16,logback,T4_Youdens_J,Youden's J-Statistic,0.18603062629699707,0.21268582344055176,805,22,783,0.06,0.04896946283894592,0.6999013119702775,0.05785123966942149,0.3181818181818182,0.0979020979020979,0.07873755989941703,0.8544061302681992,0.14559386973180077,0.5862939742250087,7,114,669,15
random_forest,16,logback,T5_Prior_Shifted,Prior-Shifted Threshold,0.18603062629699707,0.21268582344055176,805,22,783,0.0371,0.04896946283894592,0.6999013119702775,0.05113636363636364,0.4090909090909091,0.09090909090909091,0.07724003521678412,0.7867177522349936,0.21328224776500637,0.5979043306629513,9,167,616,13
random_forest,17,ninja,T1_Default,Default Baseline (tau = 0.5),0.20097589492797852,0.21387791633605957,307,1,306,0.5,0.05555555555555555,0.946078431372549,0.0,0.0,0.0,-0.0065682241937122295,0.9869281045751634,0.013071895424836602,0.4934640522875817,0,4,302,1
random_forest,17,ninja,T2_Max_F1,Max-F1 Dynamic Tuning,0.20097589492797852,0.21387791633605957,307,1,306,0.36,0.05555555555555555,0.946078431372549,0.0,0.0,0.0,-0.007355645955365259,0.9836601307189542,0.016339869281045753,0.4918300653594771,0,5,301,1
random_forest,17,ninja,T3_Recall_Constrained,Recall-Constrained Tuning (>= 70%),0.20097589492797852,0.21387791633605957,307,1,306,0.27,0.05555555555555555,0.946078431372549,0.0,0.0,0.0,-0.010489651556241125,0.9673202614379085,0.032679738562091505,0.48366013071895425,0,10,296,1
random_forest,17,ninja,T4_Youdens_J,Youden's J-Statistic,0.20097589492797852,0.21387791633605957,307,1,306,0.06,0.05555555555555555,0.946078431372549,0.01282051282051282,1.0,0.02531645569620253,0.09795119225933037,0.7483660130718954,0.25163398692810457,0.8741830065359477,1,77,229,0
random_forest,17,ninja,T5_Prior_Shifted,Prior-Shifted Threshold,0.20097589492797852,0.21387791633605957,307,1,306,0.0373,0.05555555555555555,0.946078431372549,0.009174311926605505,1.0,0.01818181818181818,0.07704751444349914,0.6470588235294118,0.35294117647058826,0.8235294117647058,1,108,198,0
random_forest,18,okhttp,T1_Default,Default Baseline (tau = 0.5),0.19835281372070312,0.21625351905822754,810,100,710,0.5,0.1372855654230101,0.507556338028169,0.0,0.0,0.0,0.0,1.0,0.0,0.5,0,0,710,100
random_forest,18,okhttp,T2_Max_F1,Max-F1 Dynamic Tuning,0.19835281372070312,0.21625351905822754,810,100,710,0.27,0.1372855654230101,0.507556338028169,0.0,0.0,0.0,0.0,1.0,0.0,0.5,0,0,710,100
random_forest,18,okhttp,T3_Recall_Constrained,Recall-Constrained Tuning (>= 70%),0.19835281372070312,0.21625351905822754,810,100,710,0.32,0.1372855654230101,0.507556338028169,0.0,0.0,0.0,0.0,1.0,0.0,0.5,0,0,710,100
random_forest,18,okhttp,T4_Youdens_J,Youden's J-Statistic,0.19835281372070312,0.21625351905822754,810,100,710,0.06,0.1372855654230101,0.507556338028169,0.14473684210526316,0.11,0.125,0.020815521465332405,0.9084507042253521,0.09154929577464789,0.509225352112676,11,65,645,89
random_forest,18,okhttp,T5_Prior_Shifted,Prior-Shifted Threshold,0.19835281372070312,0.21625351905822754,810,100,710,0.0335,0.1372855654230101,0.507556338028169,0.1518987341772152,0.24,0.18604651162790697,0.042561788370085465,0.8112676056338028,0.18873239436619718,0.5256338028169014,24,134,576,76
random_forest,19,orbit,T1_Default,Default Baseline (tau = 0.5),0.20281720161437988,0.21130704879760742,86,7,79,0.5,0.15378771183484374,0.7450271247739603,0.0,0.0,0.0,-0.04593152121746254,0.9746835443037974,0.02531645569620253,0.4873417721518987,0,2,77,7
random_forest,19,orbit,T2_Max_F1,Max-F1 Dynamic Tuning,0.20281720161437988,0.21130704879760742,86,7,79,0.38,0.15378771183484374,0.7450271247739603,0.0,0.0,0.0,-0.05659226231861449,0.9620253164556962,0.0379746835443038,0.4810126582278481,0,3,76,7
random_forest,19,orbit,T3_Recall_Constrained,Recall-Constrained Tuning (>= 70%),0.20281720161437988,0.21130704879760742,86,7,79,0.27,0.15378771183484374,0.7450271247739603,0.0,0.0,0.0,-0.05659226231861449,0.9620253164556962,0.0379746835443038,0.4810126582278481,0,3,76,7
random_forest,19,orbit,T4_Youdens_J,Youden's J-Statistic,0.20281720161437988,0.21130704879760742,86,7,79,0.08,0.15378771183484374,0.7450271247739603,0.15789473684210525,0.42857142857142855,0.23076923076923078,0.14898180974501113,0.7974683544303798,0.20253164556962025,0.6130198915009042,3,16,63,4
random_forest,19,orbit,T5_Prior_Shifted,Prior-Shifted Threshold,0.20281720161437988,0.21130704879760742,86,7,79,0.0366,0.15378771183484374,0.7450271247739603,0.18181818181818182,0.8571428571428571,0.3,0.2897926655717786,0.6582278481012658,0.34177215189873417,0.7576853526220615,6,27,52,1
random_forest,20,spring-boot,T1_Default,Default Baseline (tau = 0.5),0.18001103401184082,0.20590496063232422,2115,160,1955,0.5,0.10358761395535886,0.6085246163682865,0.0,0.0,0.0,-0.01648543180653559,0.9964194373401535,0.0035805626598465474,0.49820971867007674,0,7,1948,160
random_forest,20,spring-boot,T2_Max_F1,Max-F1 Dynamic Tuning,0.18001103401184082,0.20590496063232422,2115,160,1955,0.3,0.10358761395535886,0.6085246163682865,0.05755395683453238,0.05,0.05351170568561873,-0.018150031781786216,0.9329923273657289,0.0670076726342711,0.4914961636828645,8,131,1824,152
random_forest,20,spring-boot,T3_Recall_Constrained,Recall-Constrained Tuning (>= 70%),0.18001103401184082,0.20590496063232422,2115,160,1955,0.25,0.10358761395535886,0.6085246163682865,0.14705882352941177,0.15625,0.15151515151515152,0.07983490568371965,0.9258312020460358,0.0741687979539642,0.5410406010230179,25,145,1810,135
random_forest,20,spring-boot,T4_Youdens_J,Youden's J-Statistic,0.18001103401184082,0.20590496063232422,2115,160,1955,0.06,0.10358761395535886,0.6085246163682865,0.07713498622589532,0.35,0.12641083521444696,0.004059588761913703,0.6572890025575447,0.34271099744245526,0.5036445012787724,56,670,1285,104
random_forest,20,spring-boot,T5_Prior_Shifted,Prior-Shifted Threshold,0.18001103401184082,0.20590496063232422,2115,160,1955,0.0326,0.10358761395535886,0.6085246163682865,0.07167630057803469,0.3875,0.12097560975609756,-0.012500804935424317,0.5892583120204603,0.41074168797953964,0.4883791560102302,62,803,1152,98
random_forest,21,undertow,T1_Default,Default Baseline (tau = 0.5),0.19069218635559082,0.21346187591552734,183,7,176,0.5,0.08507094422680789,0.7175324675324675,0.0,0.0,0.0,-0.020963722222506212,0.9886363636363636,0.011363636363636364,0.4943181818181818,0,2,174,7
random_forest,21,undertow,T2_Max_F1,Max-F1 Dynamic Tuning,0.19069218635559082,0.21346187591552734,183,7,176,0.31,0.08507094422680789,0.7175324675324675,0.07142857142857142,0.14285714285714285,0.09523809523809523,0.04978588156655738,0.9261363636363636,0.07386363636363637,0.5344967532467533,1,13,163,6
random_forest,21,undertow,T3_Recall_Constrained,Recall-Constrained Tuning (>= 70%),0.19069218635559082,0.21346187591552734,183,7,176,0.32,0.08507094422680789,0.7175324675324675,0.07692307692307693,0.14285714285714285,0.1,0.05575532306275805,0.9318181818181818,0.06818181818181818,0.5373376623376623,1,12,164,6
random_forest,21,undertow,T4_Youdens_J,Youden's J-Statistic,0.19069218635559082,0.21346187591552734,183,7,176,0.05,0.08507094422680789,0.7175324675324675,0.05660377358490566,0.8571428571428571,0.10619469026548672,0.1122655087659695,0.4318181818181818,0.5681818181818182,0.6444805194805194,6,100,76,1
random_forest,21,undertow,T5_Prior_Shifted,Prior-Shifted Threshold,0.19069218635559082,0.21346187591552734,183,7,176,0.0368,0.08507094422680789,0.7175324675324675,0.05172413793103448,0.8571428571428571,0.0975609756097561,0.09242602663338584,0.375,0.625,0.6160714285714286,6,110,66,1
random_forest,22,wildfly,T1_Default,Default Baseline (tau = 0.5),0.19377660751342773,0.2280881404876709,1030,23,1007,0.5,0.08939678867398027,0.845732049566081,0.0,0.0,0.0,-0.009436381663124925,0.9960278053624627,0.003972194637537239,0.49801390268123136,0,4,1003,23
random_forest,22,wildfly,T2_Max_F1,Max-F1 Dynamic Tuning,0.19377660751342773,0.2280881404876709,1030,23,1007,0.39,0.08939678867398027,0.845732049566081,0.045454545454545456,0.043478260869565216,0.044444444444444446,0.023121234968831395,0.9791459781529295,0.020854021847070508,0.5113121195112473,1,21,986,22
random_forest,22,wildfly,T3_Recall_Constrained,Recall-Constrained Tuning (>= 70%),0.19377660751342773,0.2280881404876709,1030,23,1007,0.27,0.08939678867398027,0.845732049566081,0.10843373493975904,0.391304347826087,0.16981132075471697,0.1725218588174389,0.9265143992055611,0.07348560079443893,0.658909373515824,9,74,933,14
random_forest,22,wildfly,T4_Youdens_J,Youden's J-Statistic,0.19377660751342773,0.2280881404876709,1030,23,1007,0.08,0.08939678867398027,0.845732049566081,0.054441260744985676,0.8260869565217391,0.10215053763440861,0.15558000207210712,0.6722939424031777,0.32770605759682225,0.7491904494624584,19,330,677,4
random_forest,22,wildfly,T5_Prior_Shifted,Prior-Shifted Threshold,0.19377660751342773,0.2280881404876709,1030,23,1007,0.0375,0.08939678867398027,0.845732049566081,0.044145873320537425,1.0,0.08455882352941177,0.14937888459223217,0.5054617676266137,0.4945382323733863,0.7527308838133069,23,498,509,0
random_forest,23,wro4j,T1_Default,Default Baseline (tau = 0.5),0.19076061248779297,0.2118241786956787,1135,16,1119,0.5,0.04022756380427509,0.6394101876675604,0.07692307692307693,0.125,0.09523809523809523,0.08159851368390617,0.9785522788203753,0.021447721179624665,0.5517761394101877,2,24,1095,14
random_forest,23,wro4j,T2_Max_F1,Max-F1 Dynamic Tuning,0.19076061248779297,0.2118241786956787,1135,16,1119,0.46,0.04022756380427509,0.6394101876675604,0.037037037037037035,0.125,0.05714285714285714,0.043491116722967384,0.9535299374441466,0.04647006255585344,0.5392649687220733,2,52,1067,14
random_forest,23,wro4j,T3_Recall_Constrained,Recall-Constrained Tuning (>= 70%),0.19076061248779297,0.2118241786956787,1135,16,1119,0.3,0.04022756380427509,0.6394101876675604,0.023952095808383235,0.25,0.04371584699453552,0.03472209516718277,0.8543342269883825,0.1456657730116175,0.5521671134941912,4,163,956,12
random_forest,23,wro4j,T4_Youdens_J,Youden's J-Statistic,0.19076061248779297,0.2118241786956787,1135,16,1119,0.07,0.04022756380427509,0.6394101876675604,0.019801980198019802,0.625,0.03838771593090211,0.04332681395457812,0.5576407506702413,0.44235924932975873,0.5913203753351206,10,495,624,6
random_forest,23,wro4j,T5_Prior_Shifted,Prior-Shifted Threshold,0.19076061248779297,0.2118241786956787,1135,16,1119,0.038,0.04022756380427509,0.6394101876675604,0.018944519621109608,0.875,0.03708609271523179,0.0561723415092332,0.3521000893655049,0.647899910634495,0.6135500446827524,14,725,394,2
random_forest,24,zxing,T1_Default,Default Baseline (tau = 0.5),0.1949779987335205,0.2188248634338379,345,2,343,0.5,0.00608326410043386,0.38994169096209913,0.0,0.0,0.0,-0.0058309037900874635,0.9941690962099126,0.0058309037900874635,0.4970845481049563,0,2,341,2
random_forest,24,zxing,T2_Max_F1,Max-F1 Dynamic Tuning,0.1949779987335205,0.2188248634338379,345,2,343,0.44,0.00608326410043386,0.38994169096209913,0.0,0.0,0.0,-0.007151802490310841,0.9912536443148688,0.008746355685131196,0.4956268221574344,0,3,340,2
random_forest,24,zxing,T3_Recall_Constrained,Recall-Constrained Tuning (>= 70%),0.1949779987335205,0.2188248634338379,345,2,343,0.26,0.00608326410043386,0.38994169096209913,0.0,0.0,0.0,-0.01791555695773179,0.9475218658892128,0.052478134110787174,0.4737609329446064,0,18,325,2
random_forest,24,zxing,T4_Youdens_J,Youden's J-Statistic,0.1949779987335205,0.2188248634338379,345,2,343,0.05,0.00608326410043386,0.38994169096209913,0.0,0.0,0.0,-0.05294183481280908,0.673469387755102,0.32653061224489793,0.336734693877551,0,112,231,2
random_forest,24,zxing,T5_Prior_Shifted,Prior-Shifted Threshold,0.1949779987335205,0.2188248634338379,345,2,343,0.0373,0.00608326410043386,0.38994169096209913,0.0,0.0,0.0,-0.05540987863669058,0.6530612244897959,0.3469387755102041,0.32653061224489793,0,119,224,2
