Model,Strategy_ID,Strategy_Name,Total_Folds,Min_Threshold,Max_Threshold,Mean_Threshold,Std_Threshold,Mean_F1,Std_F1,Mean_Recall,Std_Recall,Mean_Precision,Std_Precision,Mean_MCC,Std_MCC,Mean_Specificity,Std_Specificity,Mean_FPR,Std_FPR,Mean_PR_AUC,Std_PR_AUC,Mean_ROC_AUC,Std_ROC_AUC,Mean_Balanced_Accuracy,Std_Balanced_Accuracy,Mean_Train_Time_Sec,Std_Train_Time_Sec,Mean_Inner_Val_Time_Sec,Std_Inner_Val_Time_Sec
xgboost_gpu,T1_Default,Default Baseline (tau = 0.5),24,0.5,0.5,0.5,0.0,0.055030203512707924,0.10441148284587169,0.07097607673410304,0.15942183074608426,0.22518474322510396,0.3554065175429772,0.057457274231010526,0.10516863710393459,0.9710848987696298,0.10568893714949681,0.02891510123037017,0.10568893714949684,0.1897574536422381,0.23886384678480452,0.7019773970981477,0.17889189234853267,0.540385152819906,0.10526182496672942,0.16494100292523703,0.006531105940836694,0.2043945292631785,0.02705043261105596
xgboost_gpu,T2_Max_F1,Max-F1 Dynamic Tuning,24,0.19,0.49,0.34375,0.06927026465387144,0.062106563019466654,0.10800561736448078,0.08792466974528976,0.18850167515991184,0.21371113132489925,0.33691192283070354,0.05443198759374309,0.10673300278776461,0.9526995429557114,0.14753437238216136,0.04730045704428867,0.14753437238216136,0.1897574536422381,0.23886384678480452,0.7019773970981477,0.17889189234853267,0.539313675730807,0.10653029102245486,0.16494100292523703,0.006531105940836694,0.2043945292631785,0.02705043261105596
xgboost_gpu,T3_Recall_Constrained,Recall-Constrained Tuning (>= 70%),24,0.12,0.3,0.20458333333333334,0.047729233286791094,0.08603232386901137,0.16430107080967565,0.13479079088052634,0.24823443738547898,0.17548897161330235,0.3214343008981462,0.06297283732594389,0.15518900483066098,0.9341655430494878,0.14836748669409583,0.06583445695051213,0.1483674866940958,0.1897574536422381,0.23886384678480452,0.7019773970981477,0.17889189234853267,0.5525033588216628,0.12876608918676077,0.16494100292523703,0.006531105940836694,0.2043945292631785,0.02705043261105596
xgboost_gpu,T4_Youdens_J,Youden's J-Statistic,24,0.02,0.08,0.042916666666666665,0.013981094896064245,0.14602488374149764,0.18004974041565777,0.3806181105000231,0.36754104413978733,0.1857226992052802,0.2906957191290976,0.11148950830035365,0.160530172208789,0.8211069080288745,0.1869022761658301,0.17889309197112555,0.1869022761658301,0.1897574536422381,0.23886384678480452,0.7019773970981477,0.17889189234853267,0.6137662986290316,0.17770337133770156,0.16494100292523703,0.006531105940836694,0.2043945292631785,0.02705043261105596
xgboost_gpu,T5_Prior_Shifted,Prior-Shifted Threshold,24,0.0308,0.0514,0.0369625,0.003793794991137846,0.1383652981151912,0.17518911431262657,0.38788892632023275,0.36750696842938807,0.1285404163902033,0.22250943792192157,0.09499180422944396,0.15482243838510595,0.8015230942002676,0.1883092747609467,0.19847690579973234,0.18830927476094672,0.1897574536422381,0.23886384678480452,0.7019773970981477,0.17889189234853267,0.6072617834147421,0.17414837828390106,0.16494100292523703,0.006531105940836694,0.2043945292631785,0.02705043261105596
random_forest,T1_Default,Default Baseline (tau = 0.5),24,0.5,0.5,0.5,0.0,0.024829623288527395,0.08374464619588227,0.0543817033790797,0.16684241617061502,0.13318220180489515,0.3097321190974166,0.01922199209266774,0.06663832141613021,0.9751314356519257,0.08418272829536402,0.024868564348074242,0.08418272829536404,0.19424779117335855,0.2508766542053482,0.7149059339730625,0.1789382479174596,0.5344569506951052,0.10814083356691578,0.19339857498804727,0.009204304999874903,0.2174077332019806,0.00819017925004152
random_forest,T2_Max_F1,Max-F1 Dynamic Tuning,24,0.27,0.47,0.36999999999999994,0.06086335372033779,0.06239221798498238,0.1328041355051912,0.10341022236351745,0.2303985872582797,0.15319709982753602,0.3069564668234378,0.04613285577082989,0.11428618969841303,0.9470336798096115,0.15773044266042424,0.05296632019038857,0.15773044266042424,0.19424779117335855,0.2508766542053482,0.7149059339730625,0.1789382479174596,0.5439009047873244,0.11245150347079119,0.19339857498804727,0.009204304999874903,0.2174077332019806,0.00819017925004152
random_forest,T3_Recall_Constrained,Recall-Constrained Tuning (>= 70%),24,0.18,0.4,0.29750000000000004,0.055187427679798985,0.08517787144716382,0.14056893688226893,0.14007991224413763,0.23467771892818753,0.16832890375563614,0.31280498272887464,0.06680492573432369,0.12241174312703666,0.9361096365676912,0.15738641948137821,0.06389036343230879,0.15738641948137821,0.19424779117335855,0.2508766542053482,0.7149059339730625,0.1789382479174596,0.5560097762341615,0.11350759512098925,0.19339857498804727,0.009204304999874903,0.2174077332019806,0.00819017925004152
random_forest,T4_Youdens_J,Youden's J-Statistic,24,0.03,0.1,0.06166666666666667,0.016061476099435992,0.16388514162771087,0.23721694262595622,0.5428666213434841,0.3823511078793164,0.13343038365904591,0.22749274190046295,0.1293319744757841,0.21694250457361502,0.7433208563450194,0.20238152459482206,0.2566791436549806,0.20238152459482206,0.19424779117335855,0.2508766542053482,0.7149059339730625,0.1789382479174596,0.6525190804593443,0.1802622550287371,0.19339857498804727,0.009204304999874903,0.2174077332019806,0.00819017925004152
random_forest,T5_Prior_Shifted,Prior-Shifted Threshold,24,0.0308,0.0514,0.0369625,0.003793794991137846,0.19483161057731144,0.25247366173877367,0.6771132508272405,0.35237845455178585,0.14498149879244618,0.22364726885254985,0.16403099312197675,0.21788609903699527,0.6532046970973296,0.20508418878227752,0.34679530290267024,0.20508418878227752,0.19424779117335855,0.2508766542053482,0.7149059339730625,0.1789382479174596,0.6699203724316861,0.16173428642144835,0.19339857498804727,0.009204304999874903,0.2174077332019806,0.00819017925004152
