Pipeline,Average_Rank,CD_Threshold,Friedman_Stat,Friedman_PValue,Significant
P30_C2_S1_B3_M2,14.868421052631579,17.873556180187414,277.49809894526487,1.94576722101655e-34,True
P38_C2_S2_B3_M2,14.868421052631579,17.873556180187414,277.49809894526487,1.94576722101655e-34,True
P46_C2_S3_B3_M2,14.868421052631579,17.873556180187414,277.49809894526487,1.94576722101655e-34,True
P37_C2_S2_B3_M1,16.31578947368421,17.873556180187414,277.49809894526487,1.94576722101655e-34,True
P29_C2_S1_B3_M1,16.5,17.873556180187414,277.49809894526487,1.94576722101655e-34,True
P45_C2_S3_B3_M1,16.526315789473685,17.873556180187414,277.49809894526487,1.94576722101655e-34,True
P32_C2_S1_B4_M2,17.07894736842105,17.873556180187414,277.49809894526487,1.94576722101655e-34,True
P40_C2_S2_B4_M2,17.07894736842105,17.873556180187414,277.49809894526487,1.94576722101655e-34,True
P48_C2_S3_B4_M2,17.07894736842105,17.873556180187414,277.49809894526487,1.94576722101655e-34,True
P13_C1_S2_B3_M1,17.105263157894736,17.873556180187414,277.49809894526487,1.94576722101655e-34,True
P21_C1_S3_B3_M1,18.289473684210527,17.873556180187414,277.49809894526487,1.94576722101655e-34,True
P06_C1_S1_B3_M2,18.394736842105264,17.873556180187414,277.49809894526487,1.94576722101655e-34,True
P14_C1_S2_B3_M2,18.394736842105264,17.873556180187414,277.49809894526487,1.94576722101655e-34,True
P22_C1_S3_B3_M2,18.394736842105264,17.873556180187414,277.49809894526487,1.94576722101655e-34,True
P05_C1_S1_B3_M1,18.92105263157895,17.873556180187414,277.49809894526487,1.94576722101655e-34,True
P28_C2_S1_B2_M2,20.605263157894736,17.873556180187414,277.49809894526487,1.94576722101655e-34,True
P12_C1_S2_B2_M2,20.657894736842106,17.873556180187414,277.49809894526487,1.94576722101655e-34,True
P36_C2_S2_B2_M2,21.31578947368421,17.873556180187414,277.49809894526487,1.94576722101655e-34,True
P08_C1_S1_B4_M2,21.92105263157895,17.873556180187414,277.49809894526487,1.94576722101655e-34,True
P24_C1_S3_B4_M2,21.92105263157895,17.873556180187414,277.49809894526487,1.94576722101655e-34,True
P16_C1_S2_B4_M2,21.92105263157895,17.873556180187414,277.49809894526487,1.94576722101655e-34,True
P44_C2_S3_B2_M2,22.263157894736842,17.873556180187414,277.49809894526487,1.94576722101655e-34,True
P20_C1_S3_B2_M2,24.289473684210527,17.873556180187414,277.49809894526487,1.94576722101655e-34,True
P04_C1_S1_B2_M2,24.394736842105264,17.873556180187414,277.49809894526487,1.94576722101655e-34,True
P11_C1_S2_B2_M1,26.657894736842106,17.873556180187414,277.49809894526487,1.94576722101655e-34,True
P26_C2_S1_B1_M2,27.36842105263158,17.873556180187414,277.49809894526487,1.94576722101655e-34,True
P34_C2_S2_B1_M2,27.36842105263158,17.873556180187414,277.49809894526487,1.94576722101655e-34,True
P42_C2_S3_B1_M2,27.36842105263158,17.873556180187414,277.49809894526487,1.94576722101655e-34,True
P27_C2_S1_B2_M1,27.526315789473685,17.873556180187414,277.49809894526487,1.94576722101655e-34,True
P35_C2_S2_B2_M1,27.710526315789473,17.873556180187414,277.49809894526487,1.94576722101655e-34,True
P10_C1_S2_B1_M2,27.92105263157895,17.873556180187414,277.49809894526487,1.94576722101655e-34,True
P18_C1_S3_B1_M2,27.92105263157895,17.873556180187414,277.49809894526487,1.94576722101655e-34,True
P02_C1_S1_B1_M2,27.92105263157895,17.873556180187414,277.49809894526487,1.94576722101655e-34,True
P03_C1_S1_B2_M1,29.07894736842105,17.873556180187414,277.49809894526487,1.94576722101655e-34,True
P41_C2_S3_B1_M1,30.157894736842106,17.873556180187414,277.49809894526487,1.94576722101655e-34,True
P25_C2_S1_B1_M1,30.210526315789473,17.873556180187414,277.49809894526487,1.94576722101655e-34,True
P33_C2_S2_B1_M1,30.342105263157894,17.873556180187414,277.49809894526487,1.94576722101655e-34,True
P19_C1_S3_B2_M1,30.973684210526315,17.873556180187414,277.49809894526487,1.94576722101655e-34,True
P47_C2_S3_B4_M1,31.36842105263158,17.873556180187414,277.49809894526487,1.94576722101655e-34,True
P39_C2_S2_B4_M1,31.42105263157895,17.873556180187414,277.49809894526487,1.94576722101655e-34,True
P31_C2_S1_B4_M1,31.473684210526315,17.873556180187414,277.49809894526487,1.94576722101655e-34,True
P43_C2_S3_B2_M1,31.605263157894736,17.873556180187414,277.49809894526487,1.94576722101655e-34,True
P09_C1_S2_B1_M1,32.26315789473684,17.873556180187414,277.49809894526487,1.94576722101655e-34,True
P01_C1_S1_B1_M1,32.31578947368421,17.873556180187414,277.49809894526487,1.94576722101655e-34,True
P17_C1_S3_B1_M1,32.31578947368421,17.873556180187414,277.49809894526487,1.94576722101655e-34,True
P23_C1_S3_B4_M1,33.526315789473685,17.873556180187414,277.49809894526487,1.94576722101655e-34,True
P07_C1_S1_B4_M1,33.60526315789474,17.873556180187414,277.49809894526487,1.94576722101655e-34,True
P15_C1_S2_B4_M1,33.60526315789474,17.873556180187414,277.49809894526487,1.94576722101655e-34,True
