Pipeline_ID,Cleaning,Scaling,Imbalance,Model,Mean_PR_AUC,Std_PR_AUC,Mean_ROC_AUC,Mean_F1,Std_F1,Mean_Precision,Mean_Recall,Mean_MCC,Mean_Balanced_Accuracy
P36_C2_S2_B2_M2,C2,S2,B2,M2,0.25205647183445784,0.2679794307532446,0.7046409774507583,0.15877421683611384,0.2546721666528135,0.22971062358593455,0.20612997483460277,0.12882227958145204,0.5965047278009141
P28_C2_S1_B2_M2,C2,S1,B2,M2,0.24987207549522447,0.25456609594937274,0.713529578175403,0.16170467987657144,0.2581251359342671,0.2543995933416332,0.2085235279536155,0.13423844487888822,0.5976162012595136
P25_C2_S1_B1_M1,C2,S1,B1,M1,0.24939865666464334,0.27656230374052887,0.7261558068263159,0.0712428330947917,0.21499012904523376,0.12764049523615426,0.1157622310639552,0.0578509620183143,0.5634240877902109
P35_C2_S2_B2_M1,C2,S2,B2,M1,0.24938391734763934,0.27353672108010096,0.7298599700978847,0.07506941811787374,0.1568617282991265,0.15478342320447586,0.09754116497537552,0.06442410765727713,0.5601575989178265
P33_C2_S2_B1_M1,C2,S2,B1,M1,0.24840509536455257,0.2762156400791741,0.7254732238937683,0.0709255808820188,0.21424539383427862,0.12784083733664714,0.1066027483053345,0.05647691637760712,0.5607719275259402
P45_C2_S3_B3_M1,C2,S3,B3,M1,0.24837245889269763,0.26232183296294187,0.7173594432143742,0.22480806792356275,0.2867977435018079,0.19919170492820074,0.519375312922273,0.2079453964192471,0.6810540770480392
P41_C2_S3_B1_M1,C2,S3,B1,M1,0.24831538544809761,0.2762187231330775,0.7246169520777221,0.0717180705581709,0.21693036267512694,0.12814689587746456,0.10756060271146478,0.05751905028214602,0.5612439207507485
P37_C2_S2_B3_M1,C2,S2,B3,M1,0.24718974034659658,0.2619851032062222,0.7198974129112372,0.22707992602733448,0.2876538271862782,0.20297675649539762,0.5216143701613303,0.21155922561445076,0.6830686365113839
P43_C2_S3_B2_M1,C2,S3,B2,M1,0.24571956916550075,0.2659554034694074,0.7432236144386024,0.06536544641518993,0.16628054180508506,0.1483181638306292,0.06722061463440773,0.05061801736881286,0.5508908802884825
P29_C2_S1_B3_M1,C2,S1,B3,M1,0.24517344723247586,0.2601264264163857,0.7214412566891424,0.22470933770443102,0.28697157353928393,0.19833993814720427,0.519375312922273,0.2082433413551338,0.6811563070166852
P44_C2_S3_B2_M2,C2,S3,B2,M2,0.2335139032070834,0.25909275704461987,0.70464221041062,0.15233035184384144,0.24468698063964328,0.22716339430953608,0.1948131794433972,0.12100541594460328,0.5939807077318955
P26_C2_S1_B1_M2,C2,S1,B1,M2,0.23096162359233233,0.26156198645246964,0.7069425106528289,0.09742455214082595,0.2108977316076472,0.20507668061694534,0.1331461339628309,0.07885895720076723,0.5629396192565597
P42_C2_S3_B1_M2,C2,S3,B1,M2,0.23096162359233233,0.26156198645246964,0.7069425106528289,0.09742455214082595,0.2108977316076472,0.20507668061694534,0.1331461339628309,0.07885895720076723,0.5629396192565597
P34_C2_S2_B1_M2,C2,S2,B1,M2,0.23096162359233233,0.26156198645246964,0.7069425106528289,0.09742455214082595,0.2108977316076472,0.20507668061694534,0.1331461339628309,0.07885895720076723,0.5629396192565597
P27_C2_S1_B2_M1,C2,S1,B2,M1,0.2294273843441822,0.2606306534928878,0.7377916723185579,0.08381085341353037,0.18973059767037123,0.14904385576945461,0.10214617757721206,0.06793755683268095,0.5632644607198356
P31_C2_S1_B4_M1,C2,S1,B4,M1,0.22832054809594465,0.2615011982424128,0.7412014967562794,0.06214867771171699,0.1516708698107057,0.14441786283891547,0.07035876001393243,0.0511787634774637,0.5520375472269615
P39_C2_S2_B4_M1,C2,S2,B4,M1,0.227108651980774,0.26209708866283205,0.7430864636048854,0.06257952573742047,0.15224966084616104,0.14392712550607287,0.07190606328537363,0.05151601846428976,0.5524227217061967
P47_C2_S3_B4_M1,C2,S3,B4,M1,0.22515421978561787,0.26236343306883825,0.7419306890866326,0.06259728268038518,0.15230509954795587,0.14421052631578948,0.07083768721699757,0.051423244400214806,0.5522269389998004
P46_C2_S3_B3_M2,C2,S3,B3,M2,0.22485894561462372,0.2510625333528351,0.687426770483986,0.22676211024212015,0.28059160921705045,0.1918489321359491,0.5664424757789095,0.20883009585955492,0.6967536711122819
P30_C2_S1_B3_M2,C2,S1,B3,M2,0.22485894561462372,0.2510625333528351,0.687426770483986,0.22676211024212015,0.28059160921705045,0.1918489321359491,0.5664424757789095,0.20883009585955492,0.6967536711122819
P38_C2_S2_B3_M2,C2,S2,B3,M2,0.22485894561462372,0.2510625333528351,0.687426770483986,0.22676211024212015,0.28059160921705045,0.1918489321359491,0.5664424757789095,0.20883009585955492,0.6967536711122819
P32_C2_S1_B4_M2,C2,S1,B4,M2,0.21951493406115136,0.25152021833849153,0.7055079031303223,0.16668981059218124,0.23580003319190634,0.2594910403906985,0.28610464835234034,0.1446185566112004,0.6221316884151612
P40_C2_S2_B4_M2,C2,S2,B4,M2,0.21951493406115136,0.25152021833849153,0.7055079031303223,0.16668981059218124,0.23580003319190634,0.2594910403906985,0.28610464835234034,0.1446185566112004,0.6221316884151612
P48_C2_S3_B4_M2,C2,S3,B4,M2,0.21951493406115136,0.25152021833849153,0.7055079031303223,0.16668981059218124,0.23580003319190634,0.2594910403906985,0.28610464835234034,0.1446185566112004,0.6221316884151612
P05_C1_S1_B3_M1,C1,S1,B3,M1,0.20614207425185202,0.23849492654888213,0.6979945028229666,0.1571572852099901,0.2124293866631056,0.15355085324917347,0.39364390549057793,0.1264350731492496,0.6186692741364679
P13_C1_S2_B3_M1,C1,S2,B3,M1,0.2057436209037296,0.23848505165450395,0.6992202245596502,0.1630616100670131,0.2136735900762818,0.1588328355591773,0.41102450090715537,0.1341148309926896,0.6273633642599722
P21_C1_S3_B3_M1,C1,S3,B3,M1,0.2054380316918617,0.23805773971983113,0.6985109927141471,0.16222349720953563,0.21412450992066945,0.1578739411714067,0.40022989820850474,0.13165530337011586,0.6215125941488464
P23_C1_S3_B4_M1,C1,S3,B4,M1,0.19983107713754747,0.24800418316313622,0.715798498799411,0.031386541580579824,0.08488216947717886,0.15366518963217077,0.029155963976053936,0.027267493961774875,0.5305018928023584
P15_C1_S2_B4_M1,C1,S2,B4,M1,0.1995307789678455,0.24616120143726053,0.7151155547042619,0.031279291473329716,0.08442166028337957,0.15277242766649546,0.029992084377391724,0.026915963302227074,0.5305405791176426
P07_C1_S1_B4_M1,C1,S1,B4,M1,0.1990178069324351,0.2471642714604295,0.7212160399927383,0.03130717752949957,0.08483952630776273,0.14317425083240842,0.029155963976053936,0.025783995259544376,0.530399774729503
P20_C1_S3_B2_M2,C1,S3,B2,M2,0.19683869438852242,0.23560605205862298,0.6726096570842482,0.09378688382362398,0.14298089145177803,0.2198825830490637,0.13245989359356444,0.08386344861487981,0.5632158465671998
P17_C1_S3_B1_M1,C1,S3,B1,M1,0.19646583725388683,0.25282276315180124,0.715347203213773,0.02474959836103355,0.08504719712944703,0.13345058339052848,0.0543817033790797,0.018955570670253084,0.5342432821794538
P09_C1_S2_B1_M1,C1,S2,B1,M1,0.19573905499050354,0.2519924459403548,0.7148473619617077,0.02445597865199517,0.08271239486964148,0.1316166464378977,0.05114173682389575,0.01784978454189277,0.5338089793907306
P01_C1_S1_B1_M1,C1,S1,B1,M1,0.19424779117335858,0.2508766542053482,0.7149059339730625,0.024829623288527395,0.08374464619588227,0.13318220180489515,0.0543817033790797,0.01922199209266774,0.5344569506951052
P11_C1_S2_B2_M1,C1,S2,B2,M1,0.19395697422935584,0.24495442009122625,0.6969812520889986,0.07430129144836124,0.1579782972382239,0.1610248727072505,0.08929886149911005,0.059961840230422066,0.5481082513130335
P12_C1_S2_B2_M2,C1,S2,B2,M2,0.192729660642476,0.23260140133220036,0.68593712205359,0.11162675649327382,0.16580013053146,0.1941776588339065,0.19123067427713727,0.091396713940031,0.5780449358380678
P19_C1_S3_B2_M1,C1,S3,B2,M1,0.1922752817242792,0.24525535071502874,0.7157090082619199,0.04962330700790379,0.1343231363263885,0.1340495203457727,0.04673418785112938,0.034647506539006695,0.5364390760053569
P18_C1_S3_B1_M2,C1,S3,B1,M2,0.18975745364223803,0.23886384678480452,0.7019773970981479,0.055030203512707924,0.10441148284587169,0.22518474322510396,0.07097607673410304,0.057457274231010526,0.540385152819906
P10_C1_S2_B1_M2,C1,S2,B1,M2,0.18975745364223803,0.23886384678480452,0.7019773970981479,0.055030203512707924,0.10441148284587169,0.22518474322510396,0.07097607673410304,0.057457274231010526,0.540385152819906
P02_C1_S1_B1_M2,C1,S1,B1,M2,0.18975745364223803,0.23886384678480452,0.7019773970981479,0.055030203512707924,0.10441148284587169,0.22518474322510396,0.07097607673410304,0.057457274231010526,0.540385152819906
P06_C1_S1_B3_M2,C1,S1,B3,M2,0.18838172419578933,0.2399563574349106,0.6696757195453827,0.15400602168945923,0.18410888761724445,0.14877657067649622,0.4569850778009427,0.12691814241456065,0.6353712063723945
P14_C1_S2_B3_M2,C1,S2,B3,M2,0.18838172419578933,0.2399563574349106,0.6696757195453827,0.15400602168945923,0.18410888761724445,0.14877657067649622,0.4569850778009427,0.12691814241456065,0.6353712063723945
P22_C1_S3_B3_M2,C1,S3,B3,M2,0.18838172419578933,0.2399563574349106,0.6696757195453827,0.15400602168945923,0.18410888761724445,0.14877657067649622,0.4569850778009427,0.12691814241456065,0.6353712063723945
P03_C1_S1_B2_M1,C1,S1,B2,M1,0.18408774283385387,0.23938616651891464,0.7034822807940502,0.04969315710430556,0.1256566708127847,0.13992603846199103,0.052337256762018065,0.03301848672293165,0.5344853286164949
P04_C1_S1_B2_M2,C1,S1,B2,M2,0.1832691561463141,0.23172842251019304,0.686094593509965,0.0805253789286365,0.1473675935617122,0.18193992702776088,0.13026096445687135,0.06278767988119267,0.5563702477804504
P08_C1_S1_B4_M2,C1,S1,B4,M2,0.16948330293482555,0.2176505753713006,0.6554933834116984,0.10854982264352143,0.1418137167753689,0.1769258594683406,0.2223087462554199,0.07837290416834347,0.5766719565974365
P16_C1_S2_B4_M2,C1,S2,B4,M2,0.16948330293482555,0.2176505753713006,0.6554933834116984,0.10854982264352143,0.1418137167753689,0.1769258594683406,0.2223087462554199,0.07837290416834347,0.5766719565974365
P24_C1_S3_B4_M2,C1,S3,B4,M2,0.16948330293482555,0.2176505753713006,0.6554933834116984,0.10854982264352143,0.1418137167753689,0.1769258594683406,0.2223087462554199,0.07837290416834347,0.5766719565974365
