Test_Size,Flaky_in_Test,NonFlaky_in_Test,PR_AUC,ROC_AUC,Precision,Recall,F1,MCC,Balanced_Accuracy,TP,FP,TN,FN,Config_ID,Config_Name,Target_Project,Train_Samples,Train_Time_Sec,Inference_Time_Sec
1186,4,1182,0.012841539333679913,0.7390016920473773,0.0,0.0,0.0,-0.012204418565058366,0.47884940778341795,0,50,1132,4,A_Baseline,Baseline Cross-Project,achilles,20646,0.29285669326782227,0.005266904830932617
1186,4,1182,0.004410973609057714,0.4591793570219966,0.0,0.0,0.0,-0.00338409475465313,0.4983079526226734,0,4,1178,4,B_Burak_Filter,Burak Filter (k-NN),achilles,2039,0.2041778564453125,0.005279541015625
1186,4,1182,0.003372681281618887,0.5,0.0,0.0,0.0,0.0,0.5,0,0,1182,4,C_TrAdaBoost,TrAdaBoost,achilles,20777,1.0572853088378906,0.011385440826416016
1186,4,1182,0.003372681281618887,0.5,0.0,0.0,0.0,0.0,0.5,0,0,1182,4,D_Burak_TrAdaBoost_Hybrid,Hybrid Burak + TrAdaBoost,achilles,6325,0.7249653339385986,0.012497901916503906
1840,29,1811,0.013786652061890083,0.4593956472895523,0.015023474178403756,0.5517241379310345,0.029250457038391225,-0.006940391477887448,0.48624307393514726,16,1049,762,13,A_Baseline,Baseline Cross-Project,activiti,19919,0.17429065704345703,0.005360126495361328
1840,29,1811,0.017832621729055628,0.5552276319046441,0.019524617996604415,0.7931034482758621,0.03811101905550953,0.04031102460136918,0.5776671299910509,23,1155,656,6,B_Burak_Filter,Burak Filter (k-NN),activiti,1295,0.17144179344177246,0.007793426513671875
1840,29,1811,0.01576086956521739,0.5,0.0,0.0,0.0,0.0,0.5,0,0,1811,29,C_TrAdaBoost,TrAdaBoost,activiti,20123,0.947845458984375,0.013114213943481445
1840,29,1811,0.01576086956521739,0.5,0.0,0.0,0.0,0.0,0.5,0,0,1811,29,D_Burak_TrAdaBoost_Hybrid,Hybrid Burak + TrAdaBoost,activiti,6180,0.7797708511352539,0.01415562629699707
169,105,64,0.9635460958565929,0.9403273809523809,1.0,0.2,0.3333333333333333,0.2940858488375231,0.6,21,0,64,84,A_Baseline,Baseline Cross-Project,alluxio,21776,0.18731021881103516,0.004608631134033203
169,105,64,0.9733187343157731,0.963095238095238,1.0,0.2571428571428571,0.4090909090909091,0.3404340938175852,0.6285714285714286,27,0,64,78,B_Burak_Filter,Burak Filter (k-NN),alluxio,586,0.16359496116638184,0.0050008296966552734
169,105,64,0.621301775147929,0.5,0.621301775147929,1.0,0.7664233576642335,0.0,0.5,105,64,0,0,C_TrAdaBoost,TrAdaBoost,alluxio,21794,1.157113790512085,0.007397651672363281
169,105,64,0.621301775147929,0.5,0.621301775147929,1.0,0.7664233576642335,0.0,0.5,105,64,0,0,D_Burak_TrAdaBoost_Hybrid,Hybrid Burak + TrAdaBoost,alluxio,6551,0.9700179100036621,0.007728099822998047
292,47,245,0.3669533503722991,0.8015631784628745,0.32407407407407407,0.7446808510638298,0.45161290322580644,0.3400542441170668,0.7233608336951802,35,73,172,12,A_Baseline,Baseline Cross-Project,ambari,21639,0.25348973274230957,0.00513005256652832
292,47,245,0.3360066071531887,0.8234476769431177,0.38461538461538464,0.5319148936170213,0.44642857142857145,0.3256687719576875,0.6843247937472862,25,40,205,22,B_Burak_Filter,Burak Filter (k-NN),ambari,446,0.17264223098754883,0.0054013729095458984
292,47,245,0.16095890410958905,0.5,0.16095890410958905,1.0,0.27728613569321536,0.0,0.5,47,245,0,0,C_TrAdaBoost,TrAdaBoost,ambari,21671,1.0458745956420898,0.008641719818115234
292,47,245,0.16095890410958905,0.5,0.16095890410958905,1.0,0.27728613569321536,0.0,0.5,47,245,0,0,D_Burak_TrAdaBoost_Hybrid,Hybrid Burak + TrAdaBoost,ambari,6524,0.7821238040924072,0.007739067077636719
5635,1,5634,0.00022920009168003668,0.22577209797657083,0.0,0.0,0.0,-0.002203174479303911,0.48668796592119273,0,150,5484,1,A_Baseline,Baseline Cross-Project,assertj-core,15702,0.23737502098083496,0.0063533782958984375
5635,1,5634,0.00031289111389236547,0.4329960951366702,0.0,0.0,0.0,-0.001416629559328373,0.49440894568690097,0,63,5571,1,B_Burak_Filter,Burak Filter (k-NN),assertj-core,1555,0.22265911102294922,0.0062444210052490234
5635,1,5634,0.0001774622892635315,0.5,0.0,0.0,0.0,0.0,0.5,0,0,5634,1,C_TrAdaBoost,TrAdaBoost,assertj-core,16328,0.9410803318023682,0.025931358337402344
5635,1,5634,0.0001774622892635315,0.5,0.0,0.0,0.0,0.0,0.5,0,0,5634,1,D_Burak_TrAdaBoost_Hybrid,Hybrid Burak + TrAdaBoost,assertj-core,5337,0.8220343589782715,0.026618242263793945
50,1,49,0.5,0.9795918367346939,0.3333333333333333,1.0,0.5,0.5654448612875199,0.9795918367346939,1,2,47,0,A_Baseline,Baseline Cross-Project,commons-exec,21908,0.25666022300720215,0.0055561065673828125
50,1,49,0.5,0.9795918367346939,0.25,1.0,0.4,0.48445214165180484,0.9693877551020409,1,3,46,0,B_Burak_Filter,Burak Filter (k-NN),commons-exec,234,0.15492820739746094,0.005075693130493164
50,1,49,0.02,0.5,0.0,0.0,0.0,0.0,0.5,0,0,49,1,C_TrAdaBoost,TrAdaBoost,commons-exec,21913,1.0818994045257568,0.007146120071411133
50,1,49,0.02,0.5,0.0,0.0,0.0,0.0,0.5,0,0,49,1,D_Burak_TrAdaBoost_Hybrid,Hybrid Burak + TrAdaBoost,commons-exec,6577,0.9219799041748047,0.007405757904052734
503,3,500,0.030870048834120686,0.84,0.0,0.0,0.0,-0.012109480220126268,0.488,0,12,488,3,A_Baseline,Baseline Cross-Project,elastic-job-lite,21405,0.270099401473999,0.007222652435302734
503,3,500,0.013096054522982027,0.7006666666666667,0.0,0.0,0.0,-0.011031946970293832,0.49,0,10,490,3,B_Burak_Filter,Burak Filter (k-NN),elastic-job-lite,540,0.14531803131103516,0.005181312561035156
503,3,500,0.005964214711729622,0.5,0.0,0.0,0.0,0.0,0.5,0,0,500,3,C_TrAdaBoost,TrAdaBoost,elastic-job-lite,21460,1.0710148811340332,0.010009050369262695
503,3,500,0.005964214711729622,0.5,0.0,0.0,0.0,0.0,0.5,0,0,500,3,D_Burak_TrAdaBoost_Hybrid,Hybrid Burak + TrAdaBoost,elastic-job-lite,6477,0.8456003665924072,0.010433673858642578
379,1,378,0.004975124378109453,0.47089947089947093,0.0,0.0,0.0,-0.02296576060873127,0.4166666666666667,0,63,315,1,A_Baseline,Baseline Cross-Project,handlebars.java,21543,0.264862060546875,0.0057184696197509766
379,1,378,0.012195121951219513,0.7857142857142857,0.0,0.0,0.0,-0.005312127152597305,0.4947089947089947,0,4,374,1,B_Burak_Filter,Burak Filter (k-NN),handlebars.java,673,0.139174222946167,0.005402326583862305
379,1,378,0.002638522427440633,0.5,0.0,0.0,0.0,0.0,0.5,0,0,378,1,C_TrAdaBoost,TrAdaBoost,handlebars.java,21584,1.0155870914459229,0.009109020233154297
379,1,378,0.002638522427440633,0.5,0.0,0.0,0.0,0.0,0.5,0,0,378,1,D_Burak_TrAdaBoost_Hybrid,Hybrid Burak + TrAdaBoost,handlebars.java,6504,0.783008337020874,0.008800268173217773
388,131,257,0.4995289955998319,0.5924495797071316,0.673469387755102,0.25190839694656486,0.36666666666666664,0.2699981590535791,0.5948257938040218,33,16,241,98,A_Baseline,Baseline Cross-Project,hbase,21532,0.23797917366027832,0.00756382942199707
388,131,257,0.616597222777344,0.721775031930377,1.0,0.015267175572519083,0.03007518796992481,0.1008212921902174,0.5076335877862596,2,0,257,129,B_Burak_Filter,Burak Filter (k-NN),hbase,1575,0.19307541847229004,0.005510568618774414
388,131,257,0.33762886597938147,0.5,0.33762886597938147,1.0,0.5048169556840078,0.0,0.5,131,257,0,0,C_TrAdaBoost,TrAdaBoost,hbase,21575,1.00728440284729,0.009296894073486328
388,131,257,0.33762886597938147,0.5,0.33762886597938147,1.0,0.5048169556840078,0.0,0.5,131,257,0,0,D_Burak_TrAdaBoost_Hybrid,Hybrid Burak + TrAdaBoost,hbase,6503,0.8041937351226807,0.008907079696655273
128,30,98,0.28254246298488916,0.6255102040816327,0.125,0.03333333333333333,0.05263157894736842,-0.06666666666666667,0.48095238095238096,1,7,91,29,A_Baseline,Baseline Cross-Project,hector,21821,0.2505173683166504,0.0051496028900146484
128,30,98,0.4554636706884109,0.7639455782312925,0.0,0.0,0.0,-0.08571428571428572,0.4846938775510204,0,3,95,30,B_Burak_Filter,Burak Filter (k-NN),hector,586,0.13917827606201172,0.005215167999267578
128,30,98,0.234375,0.5,0.234375,1.0,0.379746835443038,0.0,0.5,30,98,0,0,C_TrAdaBoost,TrAdaBoost,hector,21835,1.2236731052398682,0.007361888885498047
128,30,98,0.234375,0.5,0.234375,1.0,0.379746835443038,0.0,0.5,30,98,0,0,D_Burak_TrAdaBoost_Hybrid,Hybrid Burak + TrAdaBoost,hector,6560,1.1050450801849365,0.009594202041625977
147,16,131,0.08612510657779116,0.3389790076335878,0.0,0.0,0.0,-0.028923304887538078,0.4961832061068702,0,1,130,16,A_Baseline,Baseline Cross-Project,http-request,21800,0.2698087692260742,0.0053288936614990234
147,16,131,0.2550454572713381,0.6772423664122137,0.0,0.0,0.0,0.0,0.5,0,0,131,16,B_Burak_Filter,Burak Filter (k-NN),http-request,239,0.1416637897491455,0.0054781436920166016
147,16,131,0.10884353741496598,0.5,0.10884353741496598,1.0,0.19631901840490798,0.0,0.5,16,131,0,0,C_TrAdaBoost,TrAdaBoost,http-request,21816,1.2543578147888184,0.009171009063720703
147,16,131,0.10884353741496598,0.5,0.10884353741496598,1.0,0.19631901840490798,0.0,0.5,16,131,0,0,D_Burak_TrAdaBoost_Hybrid,Hybrid Burak + TrAdaBoost,http-request,6556,1.0677907466888428,0.00850677490234375
641,20,621,0.14880403301052844,0.855072463768116,0.08571428571428572,0.15,0.10909090909090909,0.07535209386044579,0.5492351046698872,3,32,589,17,A_Baseline,Baseline Cross-Project,httpcore,21251,0.2768378257751465,0.006386280059814453
641,20,621,0.09694956658261149,0.8389694041867956,0.10526315789473684,0.1,0.10256410256410256,0.07445155052809059,0.5363123993558776,2,17,604,18,B_Burak_Filter,Burak Filter (k-NN),httpcore,1413,0.18624544143676758,0.0059735774993896484
641,20,621,0.031201248049921998,0.5,0.0,0.0,0.0,0.0,0.5,0,0,621,20,C_TrAdaBoost,TrAdaBoost,httpcore,21322,0.9792637825012207,0.008722782135009766
641,20,621,0.031201248049921998,0.5,0.0,0.0,0.0,0.0,0.5,0,0,621,20,D_Burak_TrAdaBoost_Hybrid,Hybrid Burak + TrAdaBoost,httpcore,6446,0.7307205200195312,0.009020566940307617
1959,17,1942,0.11896859663707593,0.8181529048282548,0.06593406593406594,0.35294117647058826,0.1111111111111111,0.1362510661244129,0.6545859332404435,6,85,1857,11,A_Baseline,Baseline Cross-Project,incubator-dubbo,19787,0.24421310424804688,0.007194995880126953
1959,17,1942,0.10210750043562436,0.752014296964924,0.10869565217391304,0.29411764705882354,0.15873015873015872,0.1672183357342119,0.6365026958260133,5,41,1901,12,B_Burak_Filter,Burak Filter (k-NN),incubator-dubbo,2090,0.19272541999816895,0.006128549575805664
1959,17,1942,0.008677896886166412,0.5,0.0,0.0,0.0,0.0,0.5,0,0,1942,17,C_TrAdaBoost,TrAdaBoost,incubator-dubbo,20004,0.9807252883911133,0.01407480239868164
1959,17,1942,0.008677896886166412,0.5,0.0,0.0,0.0,0.0,0.5,0,0,1942,17,D_Burak_TrAdaBoost_Hybrid,Hybrid Burak + TrAdaBoost,incubator-dubbo,6153,0.7818644046783447,0.016257762908935547
131,21,110,0.20305529246987447,0.588095238095238,0.16666666666666666,0.047619047619047616,0.07407407407407407,0.0037986858819879315,0.5010822510822511,1,5,105,20,A_Baseline,Baseline Cross-Project,java-websocket,21818,0.2660367488861084,0.005334138870239258
131,21,110,0.4487678987678987,0.8441558441558442,0.0,0.0,0.0,0.0,0.5,0,0,110,21,B_Burak_Filter,Burak Filter (k-NN),java-websocket,388,0.13402867317199707,0.004863739013671875
131,21,110,0.16030534351145037,0.5,0.16030534351145037,1.0,0.27631578947368424,0.0,0.5,21,110,0,0,C_TrAdaBoost,TrAdaBoost,java-websocket,21832,1.0996603965759277,0.006817817687988281
131,21,110,0.16030534351145037,0.5,0.16030534351145037,1.0,0.27631578947368424,0.0,0.5,21,110,0,0,D_Burak_TrAdaBoost_Hybrid,Hybrid Burak + TrAdaBoost,java-websocket,6559,0.9166226387023926,0.007420063018798828
191,0,191,,,1.0,,0.0,0.0,1.0,0,0,191,0,A_Baseline,Baseline Cross-Project,jimfs,21751,0.26693296432495117,0.005372047424316406
191,0,191,,,1.0,,0.0,0.0,1.0,0,0,191,0,B_Burak_Filter,Burak Filter (k-NN),jimfs,127,0.10087060928344727,0.006227016448974609
191,0,191,,,1.0,,0.0,0.0,1.0,0,0,191,0,C_TrAdaBoost,TrAdaBoost,jimfs,21772,0.9963297843933105,0.008719921112060547
191,0,191,,,1.0,,0.0,0.0,1.0,0,0,191,0,D_Burak_TrAdaBoost_Hybrid,Hybrid Burak + TrAdaBoost,jimfs,6546,0.7471206188201904,0.007871150970458984
725,20,705,0.057918901401847224,0.6641843971631205,0.0,0.0,0.0,-0.008858624405176065,0.49858156028368794,0,2,703,20,A_Baseline,Baseline Cross-Project,logback,21158,0.23941588401794434,0.005757808685302734
725,20,705,0.04934540971423552,0.6971631205673758,0.0,0.0,0.0,-0.015386208713578922,0.4957446808510638,0,6,699,20,B_Burak_Filter,Burak Filter (k-NN),logback,1768,0.1715831756591797,0.005307912826538086
725,20,705,0.027586206896551724,0.5,0.0,0.0,0.0,0.0,0.5,0,0,705,20,C_TrAdaBoost,TrAdaBoost,logback,21238,0.9747579097747803,0.009879350662231445
725,20,705,0.027586206896551724,0.5,0.0,0.0,0.0,0.0,0.5,0,0,705,20,D_Burak_TrAdaBoost_Hybrid,Hybrid Burak + TrAdaBoost,logback,6427,0.7061970233917236,0.010338306427001953
277,1,276,0.0196078431372549,0.818840579710145,0.0,0.0,0.0,-0.008161049445245436,0.49094202898550726,0,5,271,1,A_Baseline,Baseline Cross-Project,ninja,21656,0.23528718948364258,0.005678892135620117
277,1,276,0.14285714285714285,0.9782608695652174,0.0,0.0,0.0,-0.007286083283132903,0.4927536231884058,0,4,272,1,B_Burak_Filter,Burak Filter (k-NN),ninja,959,0.14854025840759277,0.004943370819091797
277,1,276,0.0036101083032490976,0.5,0.0,0.0,0.0,0.0,0.5,0,0,276,1,C_TrAdaBoost,TrAdaBoost,ninja,21686,0.970099687576294,0.010352849960327148
277,1,276,0.0036101083032490976,0.5,0.0,0.0,0.0,0.0,0.5,0,0,276,1,D_Burak_TrAdaBoost_Hybrid,Hybrid Burak + TrAdaBoost,ninja,6527,0.7263140678405762,0.007751941680908203
729,90,639,0.14394399436084854,0.5631629281864023,0.11764705882352941,0.022222222222222223,0.037383177570093455,-0.00272895487958913,0.4993740219092332,2,15,624,88,A_Baseline,Baseline Cross-Project,okhttp,21153,0.22128009796142578,0.00670623779296875
729,90,639,0.250316178528904,0.6868457659537471,0.0,0.0,0.0,0.0,0.5,0,0,639,90,B_Burak_Filter,Burak Filter (k-NN),okhttp,942,0.1436023712158203,0.005034208297729492
729,90,639,0.12345679012345678,0.5,0.12345679012345678,1.0,0.21978021978021978,0.0,0.5,90,639,0,0,C_TrAdaBoost,TrAdaBoost,okhttp,21234,0.9393310546875,0.010854959487915039
729,90,639,0.12345679012345678,0.5,0.12345679012345678,1.0,0.21978021978021978,0.0,0.5,90,639,0,0,D_Burak_TrAdaBoost_Hybrid,Hybrid Burak + TrAdaBoost,okhttp,6427,0.7294855117797852,0.010456323623657227
78,6,72,0.14053228066786302,0.712962962962963,0.15,0.5,0.23076923076923078,0.16104008210994245,0.6319444444444444,3,17,55,3,A_Baseline,Baseline Cross-Project,orbit,21877,0.2228527069091797,0.005265951156616211
78,6,72,0.10927157637683954,0.5601851851851852,0.0,0.0,0.0,-0.06711560552140243,0.4722222222222222,0,4,68,6,B_Burak_Filter,Burak Filter (k-NN),orbit,295,0.12981510162353516,0.005082607269287109
78,6,72,0.07692307692307693,0.5,0.07692307692307693,1.0,0.14285714285714285,0.0,0.5,6,72,0,0,C_TrAdaBoost,TrAdaBoost,orbit,21885,1.1055219173431396,0.009061336517333984
78,6,72,0.07692307692307693,0.5,0.07692307692307693,1.0,0.14285714285714285,0.0,0.5,6,72,0,0,D_Burak_TrAdaBoost_Hybrid,Hybrid Burak + TrAdaBoost,orbit,6571,0.8915483951568604,0.009681463241577148
1904,144,1760,0.12330647920648632,0.7121961805555556,0.05116279069767442,0.0763888888888889,0.06128133704735376,-0.033015865083690143,0.48023989898989894,11,204,1556,133,A_Baseline,Baseline Cross-Project,spring-boot,19848,0.25925493240356445,0.0056035518646240234
1904,144,1760,0.17304754763461766,0.7747474747474746,0.02,0.006944444444444444,0.010309278350515464,-0.03455178824386264,0.48955176767676767,1,49,1711,143,B_Burak_Filter,Burak Filter (k-NN),spring-boot,1780,0.1808149814605713,0.006492137908935547
1904,144,1760,0.07563025210084033,0.5,0.07563025210084033,1.0,0.140625,0.0,0.5,144,1760,0,0,C_TrAdaBoost,TrAdaBoost,spring-boot,20059,0.9625539779663086,0.014142513275146484
1904,144,1760,0.07563025210084033,0.5,0.07563025210084033,1.0,0.140625,0.0,0.5,144,1760,0,0,D_Burak_TrAdaBoost_Hybrid,Hybrid Burak + TrAdaBoost,spring-boot,6165,0.7607150077819824,0.014876365661621094
165,6,159,0.3001526905659174,0.5387840670859538,0.11538461538461539,0.5,0.1875,0.18257084967124398,0.6776729559748428,3,23,136,3,A_Baseline,Baseline Cross-Project,undertow,21780,0.24409699440002441,0.005441427230834961
165,6,159,0.09333240599063383,0.69916142557652,0.0,0.0,0.0,-0.026435052857271473,0.49056603773584906,0,3,156,6,B_Burak_Filter,Burak Filter (k-NN),undertow,739,0.14960312843322754,0.004685401916503906
165,6,159,0.03636363636363636,0.5,0.03636363636363636,1.0,0.07017543859649122,0.0,0.5,6,159,0,0,C_TrAdaBoost,TrAdaBoost,undertow,21798,1.270092248916626,0.009710073471069336
165,6,159,0.03636363636363636,0.5,0.03636363636363636,1.0,0.07017543859649122,0.0,0.5,6,159,0,0,D_Burak_TrAdaBoost_Hybrid,Hybrid Burak + TrAdaBoost,undertow,6552,1.179469108581543,0.00995635986328125
927,21,906,0.08445122049803284,0.8021654577945968,0.09574468085106383,0.42857142857142855,0.1565217391304348,0.1650103080949411,0.6673762220119835,9,85,821,12,A_Baseline,Baseline Cross-Project,wildfly,20933,0.2788233757019043,0.007053852081298828
927,21,906,0.06654410088498275,0.6925260170293284,0.030303030303030304,0.09523809523809523,0.04597701149425287,0.014233069282157187,0.5122989593188269,2,64,842,19,B_Burak_Filter,Burak Filter (k-NN),wildfly,1708,0.18996453285217285,0.006066322326660156
927,21,906,0.022653721682847898,0.5,0.0,0.0,0.0,0.0,0.5,0,0,906,21,C_TrAdaBoost,TrAdaBoost,wildfly,21036,1.2094433307647705,0.014145374298095703
927,21,906,0.022653721682847898,0.5,0.0,0.0,0.0,0.0,0.5,0,0,906,21,D_Burak_TrAdaBoost_Hybrid,Hybrid Burak + TrAdaBoost,wildfly,6383,0.9933681488037109,0.013968229293823242
1022,14,1008,0.027233776096666412,0.6756660997732427,0.02358490566037736,0.35714285714285715,0.04424778761061947,0.04351257077573821,0.5758928571428571,5,207,801,9,A_Baseline,Baseline Cross-Project,wro4j,20828,0.29024267196655273,0.006764411926269531
1022,14,1008,0.02071296077767602,0.6014030612244898,0.012578616352201259,0.14285714285714285,0.023121387283236993,-0.004135929659967455,0.4935515873015873,2,157,851,12,B_Burak_Filter,Burak Filter (k-NN),wro4j,1624,0.19584441184997559,0.0062258243560791016
1022,14,1008,0.0136986301369863,0.5,0.0,0.0,0.0,0.0,0.5,0,0,1008,14,C_TrAdaBoost,TrAdaBoost,wro4j,20941,1.2685976028442383,0.014585494995117188
1022,14,1008,0.0136986301369863,0.5,0.0,0.0,0.0,0.0,0.5,0,0,1008,14,D_Burak_TrAdaBoost_Hybrid,Hybrid Burak + TrAdaBoost,wro4j,6361,1.0149455070495605,0.015003681182861328
311,2,309,0.007077352472089314,0.2993527508090615,0.0,0.0,0.0,-0.030015544968697325,0.43851132686084143,0,38,271,2,A_Baseline,Baseline Cross-Project,zxing,21618,0.2666134834289551,0.005611896514892578
311,2,309,0.006200507993425967,0.244336569579288,0.0,0.0,0.0,-0.010283952145064609,0.4919093851132686,0,5,304,2,B_Burak_Filter,Burak Filter (k-NN),zxing,996,0.17836475372314453,0.007187366485595703
311,2,309,0.006430868167202572,0.5,0.0,0.0,0.0,0.0,0.5,0,0,309,2,C_TrAdaBoost,TrAdaBoost,zxing,21652,1.211022138595581,0.009688615798950195
311,2,309,0.006430868167202572,0.5,0.0,0.0,0.0,0.0,0.5,0,0,309,2,D_Burak_TrAdaBoost_Hybrid,Hybrid Burak + TrAdaBoost,zxing,6519,0.8921613693237305,0.009563207626342773
