project,y_true,prob_flaky,pred_T1_Default,pred_T2_Max_F1,pred_T3_Recall_Constrained,pred_T4_Youdens_J,pred_T5_Prior_Shifted
elastic-job-lite,0,0.081492,0,0,0,1,1
elastic-job-lite,0,0.033340197,0,0,0,0,0
elastic-job-lite,0,0.0003591108,0,0,0,0,0
elastic-job-lite,0,0.0003006708,0,0,0,0,0
elastic-job-lite,0,0.0012002747,0,0,0,0,0
elastic-job-lite,0,0.000993344,0,0,0,0,0
elastic-job-lite,0,0.00051550125,0,0,0,0,0
elastic-job-lite,0,0.0015996859,0,0,0,0,0
elastic-job-lite,0,0.00026442838,0,0,0,0,0
elastic-job-lite,0,0.0002346449,0,0,0,0,0
elastic-job-lite,0,0.0004608674,0,0,0,0,0
elastic-job-lite,0,0.0013284454,0,0,0,0,0
elastic-job-lite,0,0.00043939182,0,0,0,0,0
elastic-job-lite,0,0.00048632265,0,0,0,0,0
elastic-job-lite,0,0.00071283994,0,0,0,0,0
elastic-job-lite,0,0.0011020289,0,0,0,0,0
elastic-job-lite,0,0.0019622638,0,0,0,0,0
elastic-job-lite,0,0.0028881223,0,0,0,0,0
elastic-job-lite,0,0.0008649172,0,0,0,0,0
elastic-job-lite,0,0.0005251502,0,0,0,0,0
elastic-job-lite,0,0.0028905838,0,0,0,0,0
elastic-job-lite,0,0.0020476787,0,0,0,0,0
elastic-job-lite,0,0.0042032655,0,0,0,0,0
elastic-job-lite,0,0.0009479428,0,0,0,0,0
elastic-job-lite,0,0.0009479428,0,0,0,0,0
elastic-job-lite,0,0.0029042442,0,0,0,0,0
elastic-job-lite,0,0.0009550929,0,0,0,0,0
elastic-job-lite,0,0.0014763915,0,0,0,0,0
elastic-job-lite,0,0.00041484702,0,0,0,0,0
elastic-job-lite,0,0.00047478592,0,0,0,0,0
elastic-job-lite,0,0.00045783652,0,0,0,0,0
elastic-job-lite,0,0.00067788636,0,0,0,0,0
elastic-job-lite,0,0.00045783652,0,0,0,0,0
elastic-job-lite,0,0.005784383,0,0,0,0,0
elastic-job-lite,0,0.00056767976,0,0,0,0,0
elastic-job-lite,0,0.00034142652,0,0,0,0,0
elastic-job-lite,0,0.00044120706,0,0,0,0,0
elastic-job-lite,0,0.00044120706,0,0,0,0,0
elastic-job-lite,0,0.030177388,0,0,0,0,0
elastic-job-lite,0,0.00053809973,0,0,0,0,0
elastic-job-lite,0,0.0014960036,0,0,0,0,0
elastic-job-lite,0,0.0005605371,0,0,0,0,0
elastic-job-lite,0,0.0010772593,0,0,0,0,0
elastic-job-lite,0,0.0011728504,0,0,0,0,0
elastic-job-lite,0,0.00051271904,0,0,0,0,0
elastic-job-lite,0,0.00035375464,0,0,0,0,0
elastic-job-lite,0,0.00051271904,0,0,0,0,0
elastic-job-lite,0,0.00050409685,0,0,0,0,0
elastic-job-lite,0,0.0016242354,0,0,0,0,0
elastic-job-lite,0,0.0006475615,0,0,0,0,0
elastic-job-lite,0,0.00048382118,0,0,0,0,0
elastic-job-lite,0,0.0023096325,0,0,0,0,0
elastic-job-lite,0,0.007176505,0,0,0,0,0
elastic-job-lite,0,0.0013516948,0,0,0,0,0
elastic-job-lite,0,0.000887243,0,0,0,0,0
elastic-job-lite,0,0.0048890417,0,0,0,0,0
elastic-job-lite,0,0.0008733127,0,0,0,0,0
elastic-job-lite,0,0.0048983605,0,0,0,0,0
elastic-job-lite,0,0.00095689634,0,0,0,0,0
elastic-job-lite,0,0.010425892,0,0,0,0,0
elastic-job-lite,0,0.0003229127,0,0,0,0,0
elastic-job-lite,0,0.006140495,0,0,0,0,0
elastic-job-lite,0,0.0010266893,0,0,0,0,0
elastic-job-lite,0,0.004691574,0,0,0,0,0
elastic-job-lite,0,0.0028014546,0,0,0,0,0
elastic-job-lite,0,0.0014131974,0,0,0,0,0
elastic-job-lite,0,0.0068972274,0,0,0,0,0
elastic-job-lite,0,0.004071135,0,0,0,0,0
elastic-job-lite,0,0.00829483,0,0,0,0,0
elastic-job-lite,0,0.0045729917,0,0,0,0,0
elastic-job-lite,1,0.006843055,0,0,0,0,0
elastic-job-lite,0,0.0019948473,0,0,0,0,0
elastic-job-lite,0,0.0008695049,0,0,0,0,0
elastic-job-lite,0,0.0035447767,0,0,0,0,0
elastic-job-lite,0,0.0020679159,0,0,0,0,0
elastic-job-lite,0,0.0053175567,0,0,0,0,0
elastic-job-lite,0,0.023944143,0,0,0,0,0
elastic-job-lite,1,0.0046618185,0,0,0,0,0
elastic-job-lite,0,0.0028230236,0,0,0,0,0
elastic-job-lite,0,0.002638736,0,0,0,0,0
elastic-job-lite,0,0.0029932882,0,0,0,0,0
elastic-job-lite,0,0.0019287834,0,0,0,0,0
elastic-job-lite,0,0.0021791405,0,0,0,0,0
elastic-job-lite,0,0.0019630278,0,0,0,0,0
elastic-job-lite,0,0.003015358,0,0,0,0,0
elastic-job-lite,0,0.0027164498,0,0,0,0,0
elastic-job-lite,0,0.004189787,0,0,0,0,0
elastic-job-lite,0,0.0059187906,0,0,0,0,0
elastic-job-lite,0,0.0023724018,0,0,0,0,0
elastic-job-lite,0,0.0022937963,0,0,0,0,0
elastic-job-lite,0,0.006140495,0,0,0,0,0
elastic-job-lite,0,0.004401377,0,0,0,0,0
elastic-job-lite,0,0.006140495,0,0,0,0,0
elastic-job-lite,0,0.0046485616,0,0,0,0,0
elastic-job-lite,0,0.0046485616,0,0,0,0,0
elastic-job-lite,0,0.006140495,0,0,0,0,0
elastic-job-lite,0,0.004401377,0,0,0,0,0
elastic-job-lite,0,0.038219154,0,0,0,0,1
elastic-job-lite,0,0.011379982,0,0,0,0,0
elastic-job-lite,0,0.0008785809,0,0,0,0,0
elastic-job-lite,0,0.00106011,0,0,0,0,0
elastic-job-lite,0,0.0004696104,0,0,0,0,0
elastic-job-lite,0,0.0003578006,0,0,0,0,0
elastic-job-lite,0,0.002182432,0,0,0,0,0
elastic-job-lite,0,0.002781766,0,0,0,0,0
elastic-job-lite,0,0.0053730705,0,0,0,0,0
elastic-job-lite,0,0.00085929595,0,0,0,0,0
elastic-job-lite,0,0.0020062097,0,0,0,0,0
elastic-job-lite,0,0.0009784097,0,0,0,0,0
elastic-job-lite,0,0.023517873,0,0,0,0,0
elastic-job-lite,0,0.0006546486,0,0,0,0,0
elastic-job-lite,0,0.0005642755,0,0,0,0,0
elastic-job-lite,0,0.0006184169,0,0,0,0,0
elastic-job-lite,0,0.0070700557,0,0,0,0,0
elastic-job-lite,0,0.0002519858,0,0,0,0,0
elastic-job-lite,0,0.0016999842,0,0,0,0,0
elastic-job-lite,0,0.0057291384,0,0,0,0,0
elastic-job-lite,0,0.00043123955,0,0,0,0,0
elastic-job-lite,0,0.0012257617,0,0,0,0,0
elastic-job-lite,0,0.0016437732,0,0,0,0,0
elastic-job-lite,0,0.0002239677,0,0,0,0,0
elastic-job-lite,0,0.0014766726,0,0,0,0,0
elastic-job-lite,0,0.0014404077,0,0,0,0,0
elastic-job-lite,0,0.0011280203,0,0,0,0,0
elastic-job-lite,0,0.0019482726,0,0,0,0,0
elastic-job-lite,0,0.0033862088,0,0,0,0,0
elastic-job-lite,0,0.0015130363,0,0,0,0,0
elastic-job-lite,0,0.001537546,0,0,0,0,0
elastic-job-lite,0,0.0002024701,0,0,0,0,0
elastic-job-lite,0,0.0003214206,0,0,0,0,0
elastic-job-lite,0,0.00019734997,0,0,0,0,0
elastic-job-lite,0,0.0017184525,0,0,0,0,0
elastic-job-lite,0,0.00024416903,0,0,0,0,0
elastic-job-lite,0,0.00052096724,0,0,0,0,0
elastic-job-lite,0,0.0002251575,0,0,0,0,0
elastic-job-lite,0,0.003037789,0,0,0,0,0
elastic-job-lite,0,0.0029061115,0,0,0,0,0
elastic-job-lite,0,0.0014443747,0,0,0,0,0
elastic-job-lite,0,0.001797894,0,0,0,0,0
elastic-job-lite,0,0.0015400288,0,0,0,0,0
elastic-job-lite,0,0.0044203126,0,0,0,0,0
elastic-job-lite,0,0.00022899479,0,0,0,0,0
elastic-job-lite,0,0.0022149803,0,0,0,0,0
elastic-job-lite,0,0.0018153706,0,0,0,0,0
elastic-job-lite,0,0.00017870528,0,0,0,0,0
elastic-job-lite,0,0.0014967574,0,0,0,0,0
elastic-job-lite,0,0.0716783,0,0,0,1,1
elastic-job-lite,0,0.000528944,0,0,0,0,0
elastic-job-lite,0,0.0029150401,0,0,0,0,0
elastic-job-lite,0,0.0018179181,0,0,0,0,0
elastic-job-lite,0,0.0014766726,0,0,0,0,0
elastic-job-lite,0,0.001807598,0,0,0,0,0
elastic-job-lite,0,0.0017639643,0,0,0,0,0
elastic-job-lite,0,0.002777769,0,0,0,0,0
elastic-job-lite,0,0.0017639643,0,0,0,0,0
elastic-job-lite,0,0.001265962,0,0,0,0,0
elastic-job-lite,0,0.0007721143,0,0,0,0,0
elastic-job-lite,0,0.0008802287,0,0,0,0,0
elastic-job-lite,0,0.002829322,0,0,0,0,0
elastic-job-lite,0,0.00020213966,0,0,0,0,0
elastic-job-lite,0,0.05148197,0,0,0,1,1
elastic-job-lite,0,0.00026205386,0,0,0,0,0
elastic-job-lite,0,0.00092058815,0,0,0,0,0
elastic-job-lite,0,0.00022575188,0,0,0,0,0
elastic-job-lite,0,0.0002482701,0,0,0,0,0
elastic-job-lite,0,0.0009826912,0,0,0,0,0
elastic-job-lite,0,0.00022575188,0,0,0,0,0
elastic-job-lite,0,0.0014227736,0,0,0,0,0
elastic-job-lite,0,0.0002482701,0,0,0,0,0
elastic-job-lite,0,0.00024041769,0,0,0,0,0
elastic-job-lite,0,0.102415904,0,0,0,1,1
elastic-job-lite,0,0.0013065253,0,0,0,0,0
elastic-job-lite,0,0.0002638245,0,0,0,0,0
elastic-job-lite,0,0.0010120647,0,0,0,0,0
elastic-job-lite,0,0.0028274136,0,0,0,0,0
elastic-job-lite,0,0.002208164,0,0,0,0,0
elastic-job-lite,0,0.00025469856,0,0,0,0,0
elastic-job-lite,0,0.00024136416,0,0,0,0,0
elastic-job-lite,0,0.0012270649,0,0,0,0,0
elastic-job-lite,0,0.0009935452,0,0,0,0,0
elastic-job-lite,0,0.06102152,0,0,0,1,1
elastic-job-lite,0,0.0020646732,0,0,0,0,0
elastic-job-lite,0,0.0004521837,0,0,0,0,0
elastic-job-lite,0,0.0010988106,0,0,0,0,0
elastic-job-lite,0,0.00053188414,0,0,0,0,0
elastic-job-lite,0,0.00039152842,0,0,0,0,0
elastic-job-lite,0,0.00047229227,0,0,0,0,0
elastic-job-lite,0,0.003750322,0,0,0,0,0
elastic-job-lite,0,0.05647846,0,0,0,1,1
elastic-job-lite,0,0.0003186745,0,0,0,0,0
elastic-job-lite,0,0.00017011634,0,0,0,0,0
elastic-job-lite,0,0.00031619656,0,0,0,0,0
elastic-job-lite,0,0.00027023195,0,0,0,0,0
elastic-job-lite,0,0.00055102346,0,0,0,0,0
elastic-job-lite,0,0.002079256,0,0,0,0,0
elastic-job-lite,0,0.00060221547,0,0,0,0,0
elastic-job-lite,0,0.00044316947,0,0,0,0,0
elastic-job-lite,0,0.0014840453,0,0,0,0,0
elastic-job-lite,0,0.0011622206,0,0,0,0,0
elastic-job-lite,0,0.0044553243,0,0,0,0,0
elastic-job-lite,0,0.0028274136,0,0,0,0,0
elastic-job-lite,0,0.0006168355,0,0,0,0,0
elastic-job-lite,0,0.000575467,0,0,0,0,0
elastic-job-lite,0,0.000584497,0,0,0,0,0
elastic-job-lite,0,0.001606987,0,0,0,0,0
elastic-job-lite,0,0.0023007744,0,0,0,0,0
elastic-job-lite,0,0.0021134766,0,0,0,0,0
elastic-job-lite,0,0.0037028913,0,0,0,0,0
elastic-job-lite,0,0.0012630245,0,0,0,0,0
elastic-job-lite,0,0.0013451222,0,0,0,0,0
elastic-job-lite,0,0.0050649936,0,0,0,0,0
elastic-job-lite,0,0.0020722107,0,0,0,0,0
elastic-job-lite,0,0.0019482726,0,0,0,0,0
elastic-job-lite,0,0.0004962098,0,0,0,0,0
elastic-job-lite,0,0.05897175,0,0,0,1,1
elastic-job-lite,0,0.00021989382,0,0,0,0,0
elastic-job-lite,0,0.000270433,0,0,0,0,0
elastic-job-lite,0,0.0003262062,0,0,0,0,0
elastic-job-lite,0,0.00091451436,0,0,0,0,0
elastic-job-lite,0,0.0002718429,0,0,0,0,0
elastic-job-lite,0,0.029936085,0,0,0,0,0
elastic-job-lite,0,0.00033183146,0,0,0,0,0
elastic-job-lite,0,0.0015389271,0,0,0,0,0
elastic-job-lite,0,0.0031151017,0,0,0,0,0
elastic-job-lite,0,0.002208164,0,0,0,0,0
elastic-job-lite,0,0.002208164,0,0,0,0,0
elastic-job-lite,0,0.010139965,0,0,0,0,0
elastic-job-lite,0,0.002208164,0,0,0,0,0
elastic-job-lite,0,0.0002956142,0,0,0,0,0
elastic-job-lite,0,0.00027437278,0,0,0,0,0
elastic-job-lite,0,0.0007436752,0,0,0,0,0
elastic-job-lite,0,0.0014403961,0,0,0,0,0
elastic-job-lite,0,0.0005839137,0,0,0,0,0
elastic-job-lite,0,0.00029866435,0,0,0,0,0
elastic-job-lite,0,0.00085673697,0,0,0,0,0
elastic-job-lite,0,0.0002092782,0,0,0,0,0
elastic-job-lite,0,0.031348202,0,0,0,0,0
elastic-job-lite,0,0.00017392382,0,0,0,0,0
elastic-job-lite,0,0.005420176,0,0,0,0,0
elastic-job-lite,0,0.0011314157,0,0,0,0,0
elastic-job-lite,0,0.001744071,0,0,0,0,0
elastic-job-lite,0,0.010157391,0,0,0,0,0
elastic-job-lite,0,0.0014863267,0,0,0,0,0
elastic-job-lite,0,0.0015315105,0,0,0,0,0
elastic-job-lite,0,0.00033183146,0,0,0,0,0
elastic-job-lite,0,0.001669576,0,0,0,0,0
elastic-job-lite,0,0.0007458704,0,0,0,0,0
elastic-job-lite,0,0.00035838128,0,0,0,0,0
elastic-job-lite,0,0.045169413,0,0,0,1,1
elastic-job-lite,0,0.00046599595,0,0,0,0,0
elastic-job-lite,0,0.07483347,0,0,0,1,1
elastic-job-lite,0,0.0031179937,0,0,0,0,0
elastic-job-lite,0,0.00070976844,0,0,0,0,0
elastic-job-lite,0,0.005198114,0,0,0,0,0
elastic-job-lite,0,0.0016463622,0,0,0,0,0
elastic-job-lite,0,0.004799349,0,0,0,0,0
elastic-job-lite,0,0.00017870528,0,0,0,0,0
elastic-job-lite,0,0.000446098,0,0,0,0,0
elastic-job-lite,0,0.07147856,0,0,0,1,1
elastic-job-lite,0,0.00019224657,0,0,0,0,0
elastic-job-lite,0,0.0002606326,0,0,0,0,0
elastic-job-lite,0,0.0016751966,0,0,0,0,0
elastic-job-lite,0,0.00037704906,0,0,0,0,0
elastic-job-lite,0,0.0008525476,0,0,0,0,0
elastic-job-lite,0,0.00090379035,0,0,0,0,0
elastic-job-lite,0,0.0734089,0,0,0,1,1
elastic-job-lite,0,0.15457545,0,0,1,1,1
elastic-job-lite,0,0.00024041769,0,0,0,0,0
elastic-job-lite,0,0.0005193123,0,0,0,0,0
elastic-job-lite,0,0.0018456666,0,0,0,0,0
elastic-job-lite,0,0.0006061835,0,0,0,0,0
elastic-job-lite,0,0.0054490315,0,0,0,0,0
elastic-job-lite,0,0.017986601,0,0,0,0,0
elastic-job-lite,0,0.10527857,0,0,0,1,1
elastic-job-lite,0,0.00059439294,0,0,0,0,0
elastic-job-lite,0,0.0016435431,0,0,0,0,0
elastic-job-lite,0,0.0012907326,0,0,0,0,0
elastic-job-lite,0,0.00054289703,0,0,0,0,0
elastic-job-lite,0,0.0013101035,0,0,0,0,0
elastic-job-lite,0,0.0027368416,0,0,0,0,0
elastic-job-lite,0,0.014210171,0,0,0,0,0
elastic-job-lite,0,0.00051231013,0,0,0,0,0
elastic-job-lite,0,0.0041728136,0,0,0,0,0
elastic-job-lite,0,0.0005811315,0,0,0,0,0
elastic-job-lite,0,0.0006609232,0,0,0,0,0
elastic-job-lite,0,0.00028944525,0,0,0,0,0
elastic-job-lite,0,0.00044155502,0,0,0,0,0
elastic-job-lite,0,0.00044155502,0,0,0,0,0
elastic-job-lite,0,0.00044155502,0,0,0,0,0
elastic-job-lite,0,0.01856085,0,0,0,0,0
elastic-job-lite,0,0.00041641013,0,0,0,0,0
elastic-job-lite,0,0.0003144092,0,0,0,0,0
elastic-job-lite,0,0.00074077665,0,0,0,0,0
elastic-job-lite,0,0.0004798225,0,0,0,0,0
elastic-job-lite,0,0.0016177325,0,0,0,0,0
elastic-job-lite,0,0.00037104182,0,0,0,0,0
elastic-job-lite,0,0.0003528109,0,0,0,0,0
elastic-job-lite,0,0.00041641013,0,0,0,0,0
elastic-job-lite,0,0.000633965,0,0,0,0,0
elastic-job-lite,0,0.0003098356,0,0,0,0,0
elastic-job-lite,0,0.00044574056,0,0,0,0,0
elastic-job-lite,0,0.00033655728,0,0,0,0,0
elastic-job-lite,0,0.00018192391,0,0,0,0,0
elastic-job-lite,0,0.0008399808,0,0,0,0,0
elastic-job-lite,0,0.0004903383,0,0,0,0,0
elastic-job-lite,0,0.09395613,0,0,0,1,1
elastic-job-lite,0,0.0010803821,0,0,0,0,0
elastic-job-lite,0,0.0010678244,0,0,0,0,0
elastic-job-lite,0,0.00024273733,0,0,0,0,0
elastic-job-lite,0,0.00036876908,0,0,0,0,0
elastic-job-lite,0,0.00025499208,0,0,0,0,0
elastic-job-lite,0,0.00032091662,0,0,0,0,0
elastic-job-lite,0,0.000763937,0,0,0,0,0
elastic-job-lite,0,0.00023581117,0,0,0,0,0
elastic-job-lite,0,0.00027023195,0,0,0,0,0
elastic-job-lite,0,0.0013784479,0,0,0,0,0
elastic-job-lite,0,0.0022545273,0,0,0,0,0
elastic-job-lite,0,0.00081497105,0,0,0,0,0
elastic-job-lite,0,0.0012572434,0,0,0,0,0
elastic-job-lite,0,0.001413793,0,0,0,0,0
elastic-job-lite,0,0.00083688897,0,0,0,0,0
elastic-job-lite,0,0.0007300249,0,0,0,0,0
elastic-job-lite,0,0.07385176,0,0,0,1,1
elastic-job-lite,0,0.001744164,0,0,0,0,0
elastic-job-lite,0,0.00047763434,0,0,0,0,0
elastic-job-lite,0,0.00032091662,0,0,0,0,0
elastic-job-lite,0,0.0005985159,0,0,0,0,0
elastic-job-lite,0,0.00054554467,0,0,0,0,0
elastic-job-lite,0,0.003110633,0,0,0,0,0
elastic-job-lite,0,0.0040927683,0,0,0,0,0
elastic-job-lite,0,0.0022712443,0,0,0,0,0
elastic-job-lite,0,0.14112365,0,0,1,1,1
elastic-job-lite,0,0.0044553243,0,0,0,0,0
elastic-job-lite,0,0.0024678386,0,0,0,0,0
elastic-job-lite,0,0.0024678386,0,0,0,0,0
elastic-job-lite,0,0.0019075866,0,0,0,0,0
elastic-job-lite,0,0.0016051893,0,0,0,0,0
elastic-job-lite,0,0.0004942198,0,0,0,0,0
elastic-job-lite,0,0.07278823,0,0,0,1,1
elastic-job-lite,0,0.00019729693,0,0,0,0,0
elastic-job-lite,0,0.00054692273,0,0,0,0,0
elastic-job-lite,0,0.00019729693,0,0,0,0,0
elastic-job-lite,0,0.00019729693,0,0,0,0,0
elastic-job-lite,0,0.00019729693,0,0,0,0,0
elastic-job-lite,0,0.00032907675,0,0,0,0,0
elastic-job-lite,0,0.0003618211,0,0,0,0,0
elastic-job-lite,0,0.00065259385,0,0,0,0,0
elastic-job-lite,0,0.00055332266,0,0,0,0,0
elastic-job-lite,0,0.0020406097,0,0,0,0,0
elastic-job-lite,0,0.07216812,0,0,0,1,1
elastic-job-lite,0,0.0014282322,0,0,0,0,0
elastic-job-lite,0,0.00027688028,0,0,0,0,0
elastic-job-lite,0,0.0002449971,0,0,0,0,0
elastic-job-lite,0,0.0025721793,0,0,0,0,0
elastic-job-lite,0,0.003034761,0,0,0,0,0
elastic-job-lite,0,0.00043428945,0,0,0,0,0
elastic-job-lite,0,0.0019408034,0,0,0,0,0
elastic-job-lite,0,0.0005400265,0,0,0,0,0
elastic-job-lite,0,0.00045612172,0,0,0,0,0
elastic-job-lite,0,0.00063451356,0,0,0,0,0
elastic-job-lite,0,0.044738695,0,0,0,1,1
elastic-job-lite,0,0.0016103504,0,0,0,0,0
elastic-job-lite,0,0.00066053966,0,0,0,0,0
elastic-job-lite,0,0.0005500357,0,0,0,0,0
elastic-job-lite,0,0.0048880395,0,0,0,0,0
elastic-job-lite,0,0.00069655187,0,0,0,0,0
elastic-job-lite,0,0.00053182716,0,0,0,0,0
elastic-job-lite,0,0.18849315,0,0,1,1,1
elastic-job-lite,0,0.00017939176,0,0,0,0,0
elastic-job-lite,0,0.00022431198,0,0,0,0,0
elastic-job-lite,0,0.00015987412,0,0,0,0,0
elastic-job-lite,0,0.000477592,0,0,0,0,0
elastic-job-lite,0,0.00036228995,0,0,0,0,0
elastic-job-lite,0,0.07742361,0,0,0,1,1
elastic-job-lite,0,0.0017353427,0,0,0,0,0
elastic-job-lite,0,0.0002925224,0,0,0,0,0
elastic-job-lite,0,0.00052206434,0,0,0,0,0
elastic-job-lite,0,0.0051707374,0,0,0,0,0
elastic-job-lite,0,0.001603097,0,0,0,0,0
elastic-job-lite,0,0.00039614466,0,0,0,0,0
elastic-job-lite,0,0.0016839139,0,0,0,0,0
elastic-job-lite,0,0.0011622206,0,0,0,0,0
elastic-job-lite,0,0.0060157073,0,0,0,0,0
elastic-job-lite,0,0.0014840453,0,0,0,0,0
elastic-job-lite,0,0.0042866324,0,0,0,0,0
elastic-job-lite,0,0.0025008495,0,0,0,0,0
elastic-job-lite,0,0.00096142583,0,0,0,0,0
elastic-job-lite,0,0.0011245549,0,0,0,0,0
elastic-job-lite,0,0.0015383507,0,0,0,0,0
elastic-job-lite,0,0.008904508,0,0,0,0,0
elastic-job-lite,0,0.0003878324,0,0,0,0,0
elastic-job-lite,0,0.00057720975,0,0,0,0,0
elastic-job-lite,0,0.0023427848,0,0,0,0,0
elastic-job-lite,0,0.0025664528,0,0,0,0,0
elastic-job-lite,0,0.001749374,0,0,0,0,0
elastic-job-lite,0,0.002097624,0,0,0,0,0
elastic-job-lite,0,0.0020763227,0,0,0,0,0
elastic-job-lite,0,0.0018520049,0,0,0,0,0
elastic-job-lite,0,0.00019224657,0,0,0,0,0
elastic-job-lite,0,0.09434325,0,0,0,1,1
elastic-job-lite,0,0.0021233603,0,0,0,0,0
elastic-job-lite,0,0.0016038236,0,0,0,0,0
elastic-job-lite,0,0.0013916729,0,0,0,0,0
elastic-job-lite,0,0.0013916729,0,0,0,0,0
elastic-job-lite,0,0.0016038236,0,0,0,0,0
elastic-job-lite,0,0.006140495,0,0,0,0,0
elastic-job-lite,0,0.0010479131,0,0,0,0,0
elastic-job-lite,0,0.003976874,0,0,0,0,0
elastic-job-lite,0,0.00012609983,0,0,0,0,0
elastic-job-lite,0,0.00021957034,0,0,0,0,0
elastic-job-lite,0,0.00016400333,0,0,0,0,0
elastic-job-lite,0,0.00091366295,0,0,0,0,0
elastic-job-lite,0,0.0011901531,0,0,0,0,0
elastic-job-lite,0,0.00033344116,0,0,0,0,0
elastic-job-lite,0,0.00033344116,0,0,0,0,0
elastic-job-lite,0,0.00034166028,0,0,0,0,0
elastic-job-lite,0,0.0012175187,0,0,0,0,0
elastic-job-lite,0,0.00034166028,0,0,0,0,0
elastic-job-lite,0,0.00036434983,0,0,0,0,0
elastic-job-lite,0,0.01663868,0,0,0,0,0
elastic-job-lite,0,0.00015513095,0,0,0,0,0
elastic-job-lite,0,0.00031527787,0,0,0,0,0
elastic-job-lite,0,0.00033344116,0,0,0,0,0
elastic-job-lite,0,0.00066904846,0,0,0,0,0
elastic-job-lite,0,0.0018859144,0,0,0,0,0
elastic-job-lite,0,0.0032843626,0,0,0,0,0
elastic-job-lite,0,0.0005365129,0,0,0,0,0
elastic-job-lite,0,0.00037876714,0,0,0,0,0
elastic-job-lite,0,0.00037876714,0,0,0,0,0
elastic-job-lite,0,0.00039417655,0,0,0,0,0
elastic-job-lite,0,0.0015270704,0,0,0,0,0
elastic-job-lite,0,0.0002725753,0,0,0,0,0
elastic-job-lite,0,0.0008585528,0,0,0,0,0
elastic-job-lite,0,0.0030161608,0,0,0,0,0
elastic-job-lite,0,0.0008585528,0,0,0,0,0
elastic-job-lite,0,0.0008585528,0,0,0,0,0
elastic-job-lite,0,0.00035053716,0,0,0,0,0
elastic-job-lite,0,0.00025182415,0,0,0,0,0
elastic-job-lite,0,0.00022227073,0,0,0,0,0
elastic-job-lite,0,0.000327445,0,0,0,0,0
elastic-job-lite,0,0.0002851428,0,0,0,0,0
elastic-job-lite,0,0.000715664,0,0,0,0,0
elastic-job-lite,0,0.00090099813,0,0,0,0,0
elastic-job-lite,0,0.0005616425,0,0,0,0,0
elastic-job-lite,0,0.026252527,0,0,0,0,0
elastic-job-lite,0,0.0003497924,0,0,0,0,0
elastic-job-lite,0,0.00029039246,0,0,0,0,0
elastic-job-lite,0,0.00034322403,0,0,0,0,0
elastic-job-lite,0,0.00027349652,0,0,0,0,0
elastic-job-lite,0,0.02565626,0,0,0,0,0
elastic-job-lite,0,0.00035524604,0,0,0,0,0
elastic-job-lite,0,0.010163751,0,0,0,0,0
elastic-job-lite,0,0.0021271543,0,0,0,0,0
elastic-job-lite,0,0.012781354,0,0,0,0,0
elastic-job-lite,0,0.0005121134,0,0,0,0,0
elastic-job-lite,0,0.023808764,0,0,0,0,0
elastic-job-lite,0,0.0002732398,0,0,0,0,0
elastic-job-lite,0,0.001385299,0,0,0,0,0
elastic-job-lite,0,0.0005942069,0,0,0,0,0
elastic-job-lite,0,0.0004480915,0,0,0,0,0
elastic-job-lite,0,0.00057056936,0,0,0,0,0
elastic-job-lite,0,0.0012292601,0,0,0,0,0
elastic-job-lite,0,0.00034166028,0,0,0,0,0
elastic-job-lite,0,0.00029091263,0,0,0,0,0
elastic-job-lite,0,0.00027872578,0,0,0,0,0
elastic-job-lite,0,0.0005628601,0,0,0,0,0
elastic-job-lite,0,0.0006362894,0,0,0,0,0
elastic-job-lite,0,0.0012242747,0,0,0,0,0
elastic-job-lite,0,0.0006279695,0,0,0,0,0
elastic-job-lite,0,0.018967161,0,0,0,0,0
elastic-job-lite,0,0.00068411854,0,0,0,0,0
elastic-job-lite,0,0.011494553,0,0,0,0,0
elastic-job-lite,0,0.019517902,0,0,0,0,0
elastic-job-lite,0,0.0046485616,0,0,0,0,0
elastic-job-lite,0,0.004219493,0,0,0,0,0
elastic-job-lite,0,0.07258703,0,0,0,1,1
elastic-job-lite,0,0.001322795,0,0,0,0,0
elastic-job-lite,0,0.001322795,0,0,0,0,0
elastic-job-lite,0,0.015160595,0,0,0,0,0
elastic-job-lite,0,0.001322795,0,0,0,0,0
elastic-job-lite,0,0.0009989415,0,0,0,0,0
elastic-job-lite,0,0.001322795,0,0,0,0,0
elastic-job-lite,0,0.001322795,0,0,0,0,0
elastic-job-lite,0,0.0007371921,0,0,0,0,0
elastic-job-lite,0,0.0020325214,0,0,0,0,0
elastic-job-lite,0,0.0010497086,0,0,0,0,0
elastic-job-lite,0,0.002816155,0,0,0,0,0
elastic-job-lite,0,0.08580934,0,0,0,1,1
elastic-job-lite,0,0.0013614361,0,0,0,0,0
elastic-job-lite,0,0.004370587,0,0,0,0,0
elastic-job-lite,0,0.00056289847,0,0,0,0,0
elastic-job-lite,0,0.0006729128,0,0,0,0,0
elastic-job-lite,0,0.005953704,0,0,0,0,0
elastic-job-lite,0,0.006200323,0,0,0,0,0
elastic-job-lite,0,0.003410749,0,0,0,0,0
elastic-job-lite,0,0.003591392,0,0,0,0,0
elastic-job-lite,0,0.0020849244,0,0,0,0,0
elastic-job-lite,0,0.0020410002,0,0,0,0,0
elastic-job-lite,0,0.0075547276,0,0,0,0,0
elastic-job-lite,0,0.0024893428,0,0,0,0,0
elastic-job-lite,0,0.00085171085,0,0,0,0,0
elastic-job-lite,0,0.0027123115,0,0,0,0,0
elastic-job-lite,1,0.0020232552,0,0,0,0,0
elastic-job-lite,0,0.0064348155,0,0,0,0,0
elastic-job-lite,0,0.0041760444,0,0,0,0,0
elastic-job-lite,0,0.0029844118,0,0,0,0,0
elastic-job-lite,0,0.0018295879,0,0,0,0,0
elastic-job-lite,0,0.0034269616,0,0,0,0,0
elastic-job-lite,0,0.003349223,0,0,0,0,0
elastic-job-lite,0,0.0034963654,0,0,0,0,0
elastic-job-lite,0,0.0043356786,0,0,0,0,0
elastic-job-lite,0,0.0024393338,0,0,0,0,0
elastic-job-lite,0,0.009787703,0,0,0,0,0
elastic-job-lite,0,0.0069577373,0,0,0,0,0
elastic-job-lite,0,0.0020639738,0,0,0,0,0
elastic-job-lite,0,0.006499455,0,0,0,0,0
elastic-job-lite,0,0.011578989,0,0,0,0,0
elastic-job-lite,0,0.0019852456,0,0,0,0,0
elastic-job-lite,0,0.003994021,0,0,0,0,0
elastic-job-lite,0,0.0015230553,0,0,0,0,0
elastic-job-lite,0,0.002068219,0,0,0,0,0
elastic-job-lite,0,0.002346711,0,0,0,0,0
elastic-job-lite,0,0.0022904007,0,0,0,0,0
elastic-job-lite,0,0.0022138383,0,0,0,0,0
elastic-job-lite,0,0.0015628255,0,0,0,0,0
elastic-job-lite,0,0.0021628633,0,0,0,0,0
elastic-job-lite,0,0.002864063,0,0,0,0,0
elastic-job-lite,0,0.0065412507,0,0,0,0,0
elastic-job-lite,0,0.0022076115,0,0,0,0,0
elastic-job-lite,0,0.001642159,0,0,0,0,0
elastic-job-lite,0,0.0037682303,0,0,0,0,0
elastic-job-lite,0,0.0015230553,0,0,0,0,0
elastic-job-lite,0,0.0014739037,0,0,0,0,0
elastic-job-lite,0,0.028677179,0,0,0,0,0
elastic-job-lite,0,0.035736803,0,0,0,0,0
elastic-job-lite,0,0.0014964874,0,0,0,0,0
elastic-job-lite,0,0.0013916729,0,0,0,0,0
elastic-job-lite,0,0.00076247443,0,0,0,0,0
elastic-job-lite,0,0.0007422892,0,0,0,0,0
elastic-job-lite,0,0.00052356505,0,0,0,0,0
elastic-job-lite,0,0.0009399139,0,0,0,0,0
elastic-job-lite,0,0.004401377,0,0,0,0,0
elastic-job-lite,0,0.0063852128,0,0,0,0,0
elastic-job-lite,0,0.0021233603,0,0,0,0,0
elastic-job-lite,0,0.0010372724,0,0,0,0,0
elastic-job-lite,0,0.0055683036,0,0,0,0,0
elastic-job-lite,0,0.0019740362,0,0,0,0,0
elastic-job-lite,0,0.003944374,0,0,0,0,0
elastic-job-lite,0,0.0037842942,0,0,0,0,0
elastic-job-lite,0,0.014104858,0,0,0,0,0
elastic-job-lite,0,0.0035986942,0,0,0,0,0
elastic-job-lite,0,0.0016301506,0,0,0,0,0
elastic-job-lite,0,0.009360532,0,0,0,0,0
elastic-job-lite,0,0.0017427813,0,0,0,0,0
elastic-job-lite,0,0.000394033,0,0,0,0,0
elastic-job-lite,0,0.00054120214,0,0,0,0,0
elastic-job-lite,0,0.00047228328,0,0,0,0,0
elastic-job-lite,0,0.00042954631,0,0,0,0,0
