Fold,Target_Project,Model,Feature_Set,N_Features,Train_Time_Sec,Infer_Time_Sec,Test_Size,Flaky_in_Test,NonFlaky_in_Test,PR_AUC,ROC_AUC,Precision,Recall,F1,MCC,Specificity,FPR,TP,FP,TN,FN
1,achilles,xgboost_gpu,F1_Original,23,0.3363,0.0051,1317,4,1313,0.009111301129662304,0.7962680883472963,0.0,0.0,0.0,-0.0015214920518465097,0.9992383853769993,0.0007616146230007616,0,1,1312,4
1,achilles,xgboost_gpu,F2_Ratios_Only,28,0.1664,0.0048,1317,4,1313,0.009644595632498858,0.7953160700685453,0.0,0.0,0.0,-0.0021525326817524136,0.9984767707539984,0.0015232292460015233,0,2,1311,4
1,achilles,xgboost_gpu,F3_Project_Agnostic,26,0.1637,0.0049,1317,4,1313,0.04760367966878329,0.8834729626808835,0.0,0.0,0.0,0.0,1.0,0.0,0,0,1313,4
1,achilles,xgboost_gpu,F4_Feature_Selection,12,0.1758,0.005,1317,4,1313,0.02010050347822745,0.8309215536938309,0.0,0.0,0.0,0.0,1.0,0.0,0,0,1313,4
1,achilles,random_forest,F1_Original,23,0.2416,0.0422,1317,4,1313,0.007926556920347955,0.6685072353389185,0.0,0.0,0.0,0.0,1.0,0.0,0,0,1313,4
1,achilles,random_forest,F2_Ratios_Only,28,0.2503,0.0453,1317,4,1313,0.00818526955201215,0.5146610814927647,0.0,0.0,0.0,0.0,1.0,0.0,0,0,1313,4
1,achilles,random_forest,F3_Project_Agnostic,26,0.2845,0.0423,1317,4,1313,0.015785513587913365,0.7743716679360244,0.0,0.0,0.0,0.0,1.0,0.0,0,0,1313,4
1,achilles,random_forest,F4_Feature_Selection,12,0.2371,0.0396,1317,4,1313,0.0251344330779932,0.9108910891089109,0.0,0.0,0.0,0.0,1.0,0.0,0,0,1313,4
2,activiti,xgboost_gpu,F1_Original,23,0.1489,0.0054,2044,32,2012,0.016793457801547968,0.5468982977137177,0.020599250936329586,0.6875,0.04,0.04165838450070883,0.4801192842942346,0.5198807157057654,22,1046,966,10
2,activiti,xgboost_gpu,F2_Ratios_Only,28,0.1554,0.0057,2044,32,2012,0.018561695081195026,0.5478690357852882,0.017501988862370723,0.6875,0.03413498836307215,0.018797526163810137,0.38618290258449306,0.6138170974155069,22,1235,777,10
2,activiti,xgboost_gpu,F3_Project_Agnostic,26,0.1622,0.0054,2044,32,2012,0.022856467220320267,0.6356703528827038,0.02607561929595828,0.625,0.05006257822277847,0.06505244389104464,0.628727634194831,0.371272365805169,20,747,1265,12
2,activiti,xgboost_gpu,F4_Feature_Selection,12,0.1475,0.0051,2044,32,2012,0.016695081954578136,0.5352494408548707,0.016605166051660517,0.5625,0.03225806451612903,0.008128426826817877,0.4701789264413519,0.5298210735586482,18,1066,946,14
2,activiti,random_forest,F1_Original,23,0.2256,0.0396,2044,32,2012,0.026176028028526928,0.6725506336978131,0.027446300715990454,0.71875,0.052873563218390804,0.07917365994611725,0.5949304174950298,0.40506958250497016,23,815,1197,9
2,activiti,random_forest,F2_Ratios_Only,28,0.258,0.0424,2044,32,2012,0.03339209859627186,0.5902165134194831,0.018404907975460124,0.1875,0.0335195530726257,0.009647529432844772,0.8409542743538767,0.15904572564612326,6,320,1692,26
2,activiti,random_forest,F3_Project_Agnostic,26,0.278,0.0317,2044,32,2012,0.02999121538098941,0.6583312624254474,0.023779724655819776,0.59375,0.0457280385078219,0.052427412020632724,0.6123260437375746,0.38767395626242546,19,780,1232,13
2,activiti,random_forest,F4_Feature_Selection,12,0.2402,0.0401,2044,32,2012,0.02092274256654188,0.5871955765407554,0.02,0.28125,0.03734439834024896,0.01859456773276076,0.7808151093439364,0.2191848906560636,9,441,1571,23
3,alluxio,xgboost_gpu,F1_Original,23,0.1549,0.005,187,116,71,0.9699672815269106,0.9595677513355998,1.0,0.02586206896551724,0.05042016806722689,0.0998968733612135,1.0,0.0,3,0,71,113
3,alluxio,xgboost_gpu,F2_Ratios_Only,28,0.1618,0.0051,187,116,71,0.9819946494948677,0.9753521126760563,1.0,0.017241379310344827,0.03389830508474576,0.08134470965819217,1.0,0.0,2,0,71,114
3,alluxio,xgboost_gpu,F3_Project_Agnostic,26,0.1732,0.0048,187,116,71,0.8978178504082431,0.8999514327343371,0.0,0.0,0.0,0.0,1.0,0.0,0,0,71,116
3,alluxio,xgboost_gpu,F4_Feature_Selection,12,0.1467,0.005,187,116,71,0.9148161418016583,0.9147644487615347,0.0,0.0,0.0,0.0,1.0,0.0,0,0,71,116
3,alluxio,random_forest,F1_Original,23,0.2482,0.0321,187,116,71,0.9820250755108693,0.9734094220495386,1.0,0.008620689655172414,0.017094017094017096,0.05736456539533723,1.0,0.0,1,0,71,115
3,alluxio,random_forest,F2_Ratios_Only,28,0.2551,0.037,187,116,71,0.9828749751163304,0.9779626032054396,0.0,0.0,0.0,0.0,1.0,0.0,0,0,71,116
3,alluxio,random_forest,F3_Project_Agnostic,26,0.2875,0.0298,187,116,71,0.8665543178311487,0.8577586206896552,0.0,0.0,0.0,0.0,1.0,0.0,0,0,71,116
3,alluxio,random_forest,F4_Feature_Selection,12,0.2482,0.0356,187,116,71,0.8769624852031053,0.8327464788732394,0.0,0.0,0.0,0.0,1.0,0.0,0,0,71,116
4,ambari,xgboost_gpu,F1_Original,23,0.1775,0.0054,324,52,272,0.5151636005149578,0.860576923076923,0.5,0.36538461538461536,0.4222222222222222,0.33714392852548025,0.9301470588235294,0.06985294117647059,19,19,253,33
4,ambari,xgboost_gpu,F2_Ratios_Only,28,0.1953,0.0051,324,52,272,0.6032234384921744,0.8801611990950227,0.4111111111111111,0.7115384615384616,0.5211267605633803,0.4234315667037231,0.8051470588235294,0.1948529411764706,37,53,219,15
4,ambari,xgboost_gpu,F3_Project_Agnostic,26,0.1858,0.0048,324,52,272,0.45270329846403456,0.8696973981900452,1.0,0.019230769230769232,0.03773584905660377,0.12725695259515554,1.0,0.0,1,0,272,51
4,ambari,xgboost_gpu,F4_Feature_Selection,12,0.1721,0.0045,324,52,272,0.33206482498526285,0.7865526018099548,0.3333333333333333,0.057692307692307696,0.09836065573770492,0.07959171834405435,0.9779411764705882,0.022058823529411766,3,6,266,49
4,ambari,random_forest,F1_Original,23,0.2427,0.0447,324,52,272,0.5463484936596495,0.8510675904977376,0.4444444444444444,0.38461538461538464,0.41237113402061853,0.310674679344695,0.9080882352941176,0.09191176470588236,20,25,247,32
4,ambari,random_forest,F2_Ratios_Only,28,0.2455,0.0342,324,52,272,0.5448561470518007,0.8567944004524887,0.4594594594594595,0.3269230769230769,0.38202247191011235,0.29244221641443674,0.9264705882352942,0.07352941176470588,17,20,252,35
4,ambari,random_forest,F3_Project_Agnostic,26,0.2897,0.0337,324,52,272,0.45614063009429034,0.8756716628959276,0.5,0.36538461538461536,0.4222222222222222,0.33714392852548025,0.9301470588235294,0.06985294117647059,19,19,253,33
4,ambari,random_forest,F4_Feature_Selection,12,0.268,0.0299,324,52,272,0.31266620215517094,0.7605345022624432,0.3076923076923077,0.07692307692307693,0.12307692307692308,0.08198864235146443,0.9669117647058824,0.03308823529411765,4,9,263,48
5,assertj-core,xgboost_gpu,F1_Original,23,0.172,0.0077,6261,1,6260,0.0002550369803621525,0.3738019169329073,0.0,0.0,0.0,-0.00022593075595252852,0.9996805111821087,0.0003194888178913738,0,2,6258,1
5,assertj-core,xgboost_gpu,F2_Ratios_Only,28,0.226,0.0082,6261,1,6260,0.00019413706076490002,0.1773162939297125,0.0,0.0,0.0,0.0,1.0,0.0,0,0,6260,1
5,assertj-core,xgboost_gpu,F3_Project_Agnostic,26,0.2113,0.0073,6261,1,6260,0.00016542597187758478,0.03450479233226833,0.0,0.0,0.0,-0.000276729642063495,0.9995207667731629,0.0004792332268370607,0,3,6257,1
5,assertj-core,xgboost_gpu,F4_Feature_Selection,12,0.1529,0.0067,6261,1,6260,0.00016147263038914905,0.010862619808306717,0.0,0.0,0.0,-0.0001597444089456869,0.9998402555910543,0.0001597444089456869,0,1,6259,1
5,assertj-core,random_forest,F1_Original,23,0.203,0.0407,6261,1,6260,0.00015971889474524837,0.24616613418530353,0.0,0.0,0.0,0.0,1.0,0.0,0,0,6260,1
5,assertj-core,random_forest,F2_Ratios_Only,28,0.2297,0.0404,6261,1,6260,0.00015971889474524837,0.25710862619808306,0.0,0.0,0.0,-0.0001597444089456869,0.9998402555910543,0.0001597444089456869,0,1,6259,1
5,assertj-core,random_forest,F3_Project_Agnostic,26,0.2214,0.0416,6261,1,6260,0.00015971889474524837,0.2483226837060703,0.0,0.0,0.0,-0.000276729642063495,0.9995207667731629,0.0004792332268370607,0,3,6257,1
5,assertj-core,random_forest,F4_Feature_Selection,12,0.1966,0.0286,6261,1,6260,0.00015971889474524837,0.264297124600639,0.0,0.0,0.0,-0.0001597444089456869,0.9998402555910543,0.0001597444089456869,0,1,6259,1
6,commons-exec,xgboost_gpu,F1_Original,23,0.1549,0.0046,55,1,54,0.14285714285714285,0.888888888888889,0.0,0.0,0.0,0.0,1.0,0.0,0,0,54,1
6,commons-exec,xgboost_gpu,F2_Ratios_Only,28,0.1827,0.0046,55,1,54,1.0,1.0,0.0,0.0,0.0,0.0,1.0,0.0,0,0,54,1
6,commons-exec,xgboost_gpu,F3_Project_Agnostic,26,0.1718,0.0045,55,1,54,1.0,1.0,0.0,0.0,0.0,0.0,1.0,0.0,0,0,54,1
6,commons-exec,xgboost_gpu,F4_Feature_Selection,12,0.1463,0.0043,55,1,54,0.25,0.9444444444444444,0.0,0.0,0.0,0.0,1.0,0.0,0,0,54,1
6,commons-exec,random_forest,F1_Original,23,0.2276,0.0291,55,1,54,0.2,0.9351851851851851,0.0,0.0,0.0,0.0,1.0,0.0,0,0,54,1
6,commons-exec,random_forest,F2_Ratios_Only,28,0.2388,0.0287,55,1,54,0.3333333333333333,0.9629629629629629,0.0,0.0,0.0,0.0,1.0,0.0,0,0,54,1
6,commons-exec,random_forest,F3_Project_Agnostic,26,0.2735,0.0294,55,1,54,0.5,0.9814814814814814,0.0,0.0,0.0,0.0,1.0,0.0,0,0,54,1
6,commons-exec,random_forest,F4_Feature_Selection,12,0.23,0.0283,55,1,54,0.25,0.9444444444444445,0.0,0.0,0.0,0.0,1.0,0.0,0,0,54,1
7,elastic-job-lite,xgboost_gpu,F1_Original,23,0.1471,0.0048,558,3,555,0.017752856462533884,0.7927927927927928,0.0,0.0,0.0,0.0,1.0,0.0,0,0,555,3
7,elastic-job-lite,xgboost_gpu,F2_Ratios_Only,28,0.1549,0.0047,558,3,555,0.03835470085470085,0.8726726726726726,0.0,0.0,0.0,0.0,1.0,0.0,0,0,555,3
7,elastic-job-lite,xgboost_gpu,F3_Project_Agnostic,26,0.1642,0.005,558,3,555,0.030421726073899986,0.8900900900900902,0.0,0.0,0.0,0.0,1.0,0.0,0,0,555,3
7,elastic-job-lite,xgboost_gpu,F4_Feature_Selection,12,0.163,0.0045,558,3,555,0.01259490420873306,0.7237237237237237,0.0,0.0,0.0,0.0,1.0,0.0,0,0,555,3
7,elastic-job-lite,random_forest,F1_Original,23,0.2273,0.0291,558,3,555,0.01074066055663804,0.6528528528528528,0.0,0.0,0.0,0.0,1.0,0.0,0,0,555,3
7,elastic-job-lite,random_forest,F2_Ratios_Only,28,0.2446,0.0291,558,3,555,0.03760113326297976,0.7444444444444444,0.0,0.0,0.0,0.0,1.0,0.0,0,0,555,3
7,elastic-job-lite,random_forest,F3_Project_Agnostic,26,0.2972,0.0459,558,3,555,0.037558337043816684,0.9162162162162162,0.0,0.0,0.0,0.0,1.0,0.0,0,0,555,3
7,elastic-job-lite,random_forest,F4_Feature_Selection,12,0.2347,0.0343,558,3,555,0.005127439267224214,0.4372372372372372,0.0,0.0,0.0,0.0,1.0,0.0,0,0,555,3
8,handlebars.java,xgboost_gpu,F1_Original,23,0.1597,0.0048,420,1,419,0.012345679012345678,0.8090692124105012,0.0,0.0,0.0,0.0,1.0,0.0,0,0,419,1
8,handlebars.java,xgboost_gpu,F2_Ratios_Only,28,0.1606,0.0054,420,1,419,0.007352941176470588,0.6778042959427208,0.0,0.0,0.0,0.0,1.0,0.0,0,0,419,1
8,handlebars.java,xgboost_gpu,F3_Project_Agnostic,26,0.1593,0.0048,420,1,419,0.045454545454545456,0.9498806682577565,0.0,0.0,0.0,0.0,1.0,0.0,0,0,419,1
8,handlebars.java,xgboost_gpu,F4_Feature_Selection,12,0.1501,0.005,420,1,419,0.05555555555555555,0.9594272076372314,0.0,0.0,0.0,0.0,1.0,0.0,0,0,419,1
8,handlebars.java,random_forest,F1_Original,23,0.2296,0.0319,420,1,419,0.012658227848101266,0.8305489260143198,0.0,0.0,0.0,0.0,1.0,0.0,0,0,419,1
8,handlebars.java,random_forest,F2_Ratios_Only,28,0.2518,0.0278,420,1,419,0.002380952380952381,0.12649164677804298,0.0,0.0,0.0,0.0,1.0,0.0,0,0,419,1
8,handlebars.java,random_forest,F3_Project_Agnostic,26,0.2714,0.0311,420,1,419,0.012345679012345678,0.815035799522673,0.0,0.0,0.0,0.0,1.0,0.0,0,0,419,1
8,handlebars.java,random_forest,F4_Feature_Selection,12,0.2271,0.0295,420,1,419,0.01818181818181818,0.873508353221957,0.0,0.0,0.0,0.0,1.0,0.0,0,0,419,1
9,hbase,xgboost_gpu,F1_Original,23,0.1513,0.0054,431,145,286,0.6003206037216422,0.7535326742223294,0.6,0.020689655172413793,0.04,0.060435416061349986,0.993006993006993,0.006993006993006993,3,2,284,142
9,hbase,xgboost_gpu,F2_Ratios_Only,28,0.1658,0.0049,431,145,286,0.603296992070263,0.7223535085604051,0.0,0.0,0.0,0.0,1.0,0.0,0,0,286,145
9,hbase,xgboost_gpu,F3_Project_Agnostic,26,0.1574,0.0048,431,145,286,0.6196232329144203,0.7855317096696407,0.0,0.0,0.0,0.0,1.0,0.0,0,0,286,145
9,hbase,xgboost_gpu,F4_Feature_Selection,12,0.1566,0.0052,431,145,286,0.6739570945515068,0.8248131179165662,0.5714285714285714,0.027586206896551724,0.05263157894736842,0.0639068290618352,0.9895104895104895,0.01048951048951049,4,3,283,141
9,hbase,random_forest,F1_Original,23,0.2592,0.0331,431,145,286,0.6471023582745045,0.7973595370147094,0.6666666666666666,0.013793103448275862,0.02702702702702703,0.05851650045143829,0.9965034965034965,0.0034965034965034965,2,1,285,143
9,hbase,random_forest,F2_Ratios_Only,28,0.2319,0.0436,431,145,286,0.6508274780060075,0.758861827827345,1.0,0.006896551724137931,0.0136986301369863,0.06772745987537707,1.0,0.0,1,0,286,144
9,hbase,random_forest,F3_Project_Agnostic,26,0.2681,0.0309,431,145,286,0.6311842224683551,0.7505425608873886,0.0,0.0,0.0,0.0,1.0,0.0,0,0,286,145
9,hbase,random_forest,F4_Feature_Selection,12,0.2392,0.0286,431,145,286,0.6187989162428487,0.7815770436460092,0.0,0.0,0.0,0.0,1.0,0.0,0,0,286,145
10,hector,xgboost_gpu,F1_Original,23,0.1497,0.0046,142,33,109,0.3221444882809972,0.6572143452877398,0.0,0.0,0.0,0.0,1.0,0.0,0,0,109,33
10,hector,xgboost_gpu,F2_Ratios_Only,28,0.152,0.0046,142,33,109,0.22360030311836385,0.5068112315818738,0.0,0.0,0.0,0.0,1.0,0.0,0,0,109,33
10,hector,xgboost_gpu,F3_Project_Agnostic,26,0.171,0.0049,142,33,109,0.2988583594926366,0.6502641089797053,0.0,0.0,0.0,0.0,1.0,0.0,0,0,109,33
10,hector,xgboost_gpu,F4_Feature_Selection,12,0.1643,0.0045,142,33,109,0.36801044796164084,0.7617458993605782,0.0,0.0,0.0,-0.04633766704397066,0.9908256880733946,0.009174311926605505,0,1,108,33
10,hector,random_forest,F1_Original,23,0.2232,0.0277,142,33,109,0.4529358104981308,0.7535446205170975,0.0,0.0,0.0,0.0,1.0,0.0,0,0,109,33
10,hector,random_forest,F2_Ratios_Only,28,0.241,0.0295,142,33,109,0.3746786207323483,0.7015568529329999,0.0,0.0,0.0,0.0,1.0,0.0,0,0,109,33
10,hector,random_forest,F3_Project_Agnostic,26,0.2813,0.032,142,33,109,0.46520287563743257,0.8108145676953017,0.0,0.0,0.0,0.0,1.0,0.0,0,0,109,33
10,hector,random_forest,F4_Feature_Selection,12,0.2365,0.0293,142,33,109,0.4740192878563856,0.8070614400889631,0.0,0.0,0.0,0.0,1.0,0.0,0,0,109,33
11,http-request,xgboost_gpu,F1_Original,23,0.1454,0.0052,163,18,145,0.13781999630200187,0.5386973180076629,0.0,0.0,0.0,0.0,1.0,0.0,0,0,145,18
11,http-request,xgboost_gpu,F2_Ratios_Only,28,0.1747,0.0045,163,18,145,0.12546383971282082,0.4827586206896552,0.0,0.0,0.0,0.0,1.0,0.0,0,0,145,18
11,http-request,xgboost_gpu,F3_Project_Agnostic,26,0.1617,0.0048,163,18,145,0.13411032141446777,0.4873563218390805,0.0,0.0,0.0,0.0,1.0,0.0,0,0,145,18
11,http-request,xgboost_gpu,F4_Feature_Selection,12,0.148,0.0048,163,18,145,0.13453006300487252,0.46551724137931033,0.0,0.0,0.0,0.0,1.0,0.0,0,0,145,18
11,http-request,random_forest,F1_Original,23,0.2211,0.0349,163,18,145,0.11371486027443985,0.4984674329501916,0.0,0.0,0.0,0.0,1.0,0.0,0,0,145,18
11,http-request,random_forest,F2_Ratios_Only,28,0.2562,0.0282,163,18,145,0.13111477422425458,0.5237547892720307,0.0,0.0,0.0,0.0,1.0,0.0,0,0,145,18
11,http-request,random_forest,F3_Project_Agnostic,26,0.271,0.0299,163,18,145,0.15936655793107665,0.6057471264367815,0.0,0.0,0.0,0.0,1.0,0.0,0,0,145,18
11,http-request,random_forest,F4_Feature_Selection,12,0.2336,0.0323,163,18,145,0.16118810309526377,0.4689655172413793,0.0,0.0,0.0,0.0,1.0,0.0,0,0,145,18
12,httpcore,xgboost_gpu,F1_Original,23,0.1522,0.0049,712,22,690,0.3820006738304385,0.9249341238471674,0.5714285714285714,0.18181818181818182,0.27586206896551724,0.31125628319400217,0.9956521739130435,0.004347826086956522,4,3,687,18
12,httpcore,xgboost_gpu,F2_Ratios_Only,28,0.1557,0.0051,712,22,690,0.3165607649341751,0.923814229249012,0.0,0.0,0.0,-0.009477037923616989,0.9971014492753624,0.002898550724637681,0,2,688,22
12,httpcore,xgboost_gpu,F3_Project_Agnostic,26,0.16,0.0048,712,22,690,0.24953103134132307,0.8615283267457181,0.3333333333333333,0.045454545454545456,0.08,0.11368754472597517,0.9971014492753624,0.002898550724637681,1,2,688,21
12,httpcore,xgboost_gpu,F4_Feature_Selection,12,0.1513,0.0047,712,22,690,0.18395793720475942,0.8540843214756259,0.0,0.0,0.0,-0.006696563550883317,0.9985507246376811,0.0014492753623188406,0,1,689,22
12,httpcore,random_forest,F1_Original,23,0.2213,0.0326,712,22,690,0.346786507912728,0.9337285902503294,0.0,0.0,0.0,-0.006696563550883317,0.9985507246376811,0.0014492753623188406,0,1,689,22
12,httpcore,random_forest,F2_Ratios_Only,28,0.2316,0.0308,712,22,690,0.35399885051511476,0.9450592885375494,0.0,0.0,0.0,0.0,1.0,0.0,0,0,690,22
12,httpcore,random_forest,F3_Project_Agnostic,26,0.2791,0.027,712,22,690,0.2149995969594864,0.8432147562582345,0.0,0.0,0.0,0.0,1.0,0.0,0,0,690,22
12,httpcore,random_forest,F4_Feature_Selection,12,0.2345,0.0275,712,22,690,0.19626890817801557,0.8978919631093544,0.0,0.0,0.0,0.0,1.0,0.0,0,0,690,22
13,incubator-dubbo,xgboost_gpu,F1_Original,23,0.1646,0.0051,2176,19,2157,0.0957586724878407,0.8187175170192519,1.0,0.05263157894736842,0.1,0.22846445513367747,1.0,0.0,1,0,2157,18
13,incubator-dubbo,xgboost_gpu,F2_Ratios_Only,28,0.1516,0.0053,2176,19,2157,0.03762570186155548,0.7737598516458044,0.0,0.0,0.0,-0.004027650830020208,0.9981455725544738,0.0018544274455261937,0,4,2153,19
13,incubator-dubbo,xgboost_gpu,F3_Project_Agnostic,26,0.1663,0.0049,2176,19,2157,0.0318073654181323,0.7791767318156309,0.0,0.0,0.0,-0.004027650830020208,0.9981455725544738,0.0018544274455261937,0,4,2153,19
13,incubator-dubbo,xgboost_gpu,F4_Feature_Selection,12,0.1433,0.0048,2176,19,2157,0.027008920077856834,0.6620305980528511,0.0,0.0,0.0,0.0,1.0,0.0,0,0,2157,19
13,incubator-dubbo,random_forest,F1_Original,23,0.2137,0.0419,2176,19,2157,0.04886236006663936,0.7578630163726423,0.0,0.0,0.0,0.0,1.0,0.0,0,0,2157,19
13,incubator-dubbo,random_forest,F2_Ratios_Only,28,0.229,0.0279,2176,19,2157,0.05785893678210636,0.7498596979235294,0.0,0.0,0.0,0.0,1.0,0.0,0,0,2157,19
13,incubator-dubbo,random_forest,F3_Project_Agnostic,26,0.2569,0.0324,2176,19,2157,0.02982412581962916,0.7573018080667593,0.0,0.0,0.0,-0.0020124360906536264,0.9995363931386184,0.0004636068613815484,0,1,2156,19
13,incubator-dubbo,random_forest,F4_Feature_Selection,12,0.2165,0.0277,2176,19,2157,0.03266979341538853,0.7202376595173607,0.0,0.0,0.0,0.0,1.0,0.0,0,0,2157,19
14,java-websocket,xgboost_gpu,F1_Original,23,0.1446,0.0052,145,23,122,0.3303142102627402,0.799536707056308,0.0,0.0,0.0,0.0,1.0,0.0,0,0,122,23
14,java-websocket,xgboost_gpu,F2_Ratios_Only,28,0.1611,0.0049,145,23,122,0.25817636931128873,0.6603706343549537,0.0,0.0,0.0,0.0,1.0,0.0,0,0,122,23
14,java-websocket,xgboost_gpu,F3_Project_Agnostic,26,0.1596,0.0045,145,23,122,0.36336909540912726,0.7986457590876693,0.0,0.0,0.0,0.0,1.0,0.0,0,0,122,23
14,java-websocket,xgboost_gpu,F4_Feature_Selection,12,0.1459,0.0049,145,23,122,0.33835034459714763,0.81503920171062,0.0,0.0,0.0,0.0,1.0,0.0,0,0,122,23
14,java-websocket,random_forest,F1_Original,23,0.2082,0.0173,145,23,122,0.39826101625300714,0.7619387027797577,0.0,0.0,0.0,0.0,1.0,0.0,0,0,122,23
14,java-websocket,random_forest,F2_Ratios_Only,28,0.2319,0.0171,145,23,122,0.5533188644951451,0.8799002138275125,0.0,0.0,0.0,0.0,1.0,0.0,0,0,122,23
14,java-websocket,random_forest,F3_Project_Agnostic,26,0.2679,0.0297,145,23,122,0.268838834796568,0.6662508909479686,0.0,0.0,0.0,0.0,1.0,0.0,0,0,122,23
14,java-websocket,random_forest,F4_Feature_Selection,12,0.2271,0.0292,145,23,122,0.3081090459634883,0.7605131860299359,0.0,0.0,0.0,0.0,1.0,0.0,0,0,122,23
15,jimfs,xgboost_gpu,F1_Original,23,0.1503,0.005,212,0,212,,,1.0,,0.0,0.0,1.0,0.0,0,0,212,0
15,jimfs,xgboost_gpu,F2_Ratios_Only,28,0.1619,0.0051,212,0,212,,,1.0,,0.0,0.0,1.0,0.0,0,0,212,0
15,jimfs,xgboost_gpu,F3_Project_Agnostic,26,0.1612,0.0052,212,0,212,,,1.0,,0.0,0.0,1.0,0.0,0,0,212,0
15,jimfs,xgboost_gpu,F4_Feature_Selection,12,0.1445,0.0048,212,0,212,,,1.0,,0.0,0.0,1.0,0.0,0,0,212,0
15,jimfs,random_forest,F1_Original,23,0.2242,0.0344,212,0,212,,,1.0,,0.0,0.0,1.0,0.0,0,0,212,0
15,jimfs,random_forest,F2_Ratios_Only,28,0.2358,0.0314,212,0,212,,,1.0,,0.0,0.0,1.0,0.0,0,0,212,0
15,jimfs,random_forest,F3_Project_Agnostic,26,0.2874,0.0342,212,0,212,,,1.0,,0.0,0.0,1.0,0.0,0,0,212,0
15,jimfs,random_forest,F4_Feature_Selection,12,0.2557,0.0338,212,0,212,,,1.0,,0.0,0.0,1.0,0.0,0,0,212,0
16,logback,xgboost_gpu,F1_Original,23,0.2071,0.0052,805,22,783,0.05158834248006466,0.6936897712759782,0.0,0.0,0.0,0.0,1.0,0.0,0,0,783,22
16,logback,xgboost_gpu,F2_Ratios_Only,28,0.161,0.0051,805,22,783,0.043057204440769783,0.6511668408220133,0.0,0.0,0.0,-0.005911564534751679,0.9987228607918263,0.001277139208173691,0,1,782,22
16,logback,xgboost_gpu,F3_Project_Agnostic,26,0.1649,0.0093,805,22,783,0.04475342476656076,0.6774062463717636,0.0,0.0,0.0,0.0,1.0,0.0,0,0,783,22
16,logback,xgboost_gpu,F4_Feature_Selection,12,0.1592,0.005,805,22,783,0.10060516506684175,0.6973180076628354,0.0,0.0,0.0,0.0,1.0,0.0,0,0,783,22
16,logback,random_forest,F1_Original,23,0.2327,0.0293,805,22,783,0.05007311884517012,0.7067223963775688,0.0,0.0,0.0,0.0,1.0,0.0,0,0,783,22
16,logback,random_forest,F2_Ratios_Only,28,0.2657,0.0282,805,22,783,0.04252265467618552,0.6513700220596772,0.0,0.0,0.0,0.0,1.0,0.0,0,0,783,22
16,logback,random_forest,F3_Project_Agnostic,26,0.2747,0.0298,805,22,783,0.09713811118809995,0.6645187507256473,0.0,0.0,0.0,0.0,1.0,0.0,0,0,783,22
16,logback,random_forest,F4_Feature_Selection,12,0.2451,0.0323,805,22,783,0.05371829402516576,0.6502380123069778,0.0,0.0,0.0,0.0,1.0,0.0,0,0,783,22
17,ninja,xgboost_gpu,F1_Original,23,0.1491,0.005,307,1,306,0.04,0.9215686274509803,0.0,0.0,0.0,-0.005678885630303184,0.9901960784313726,0.00980392156862745,0,3,303,1
17,ninja,xgboost_gpu,F2_Ratios_Only,28,0.18,0.0047,307,1,306,0.09090909090909091,0.9673202614379085,0.0,0.0,0.0,0.0,1.0,0.0,0,0,306,1
17,ninja,xgboost_gpu,F3_Project_Agnostic,26,0.1777,0.005,307,1,306,0.03571428571428571,0.911764705882353,0.0,0.0,0.0,-0.005678885630303184,0.9901960784313726,0.00980392156862745,0,3,303,1
17,ninja,xgboost_gpu,F4_Feature_Selection,12,0.1503,0.005,307,1,306,0.018518518518518517,0.8267973856209151,0.0,0.0,0.0,0.0,1.0,0.0,0,0,306,1
17,ninja,random_forest,F1_Original,23,0.2318,0.0289,307,1,306,0.05555555555555555,0.9477124183006537,0.0,0.0,0.0,-0.0065682241937122295,0.9869281045751634,0.013071895424836602,0,4,302,1
17,ninja,random_forest,F2_Ratios_Only,28,0.242,0.0284,307,1,306,0.043478260869565216,0.9330065359477124,0.0,0.0,0.0,-0.005678885630303184,0.9901960784313726,0.00980392156862745,0,3,303,1
17,ninja,random_forest,F3_Project_Agnostic,26,0.2525,0.0326,307,1,306,0.030303030303030304,0.9003267973856209,0.0,0.0,0.0,-0.007355645955365259,0.9836601307189542,0.016339869281045753,0,5,301,1
17,ninja,random_forest,F4_Feature_Selection,12,0.2333,0.0272,307,1,306,0.037037037037037035,0.9166666666666667,0.0,0.0,0.0,-0.0032679738562091504,0.9967320261437909,0.0032679738562091504,0,1,305,1
18,okhttp,xgboost_gpu,F1_Original,23,0.1492,0.0048,810,100,710,0.15042805100447765,0.5,0.0,0.0,0.0,0.0,1.0,0.0,0,0,710,100
18,okhttp,xgboost_gpu,F2_Ratios_Only,28,0.1614,0.0053,810,100,710,0.1432095001100597,0.5226267605633802,0.0,0.0,0.0,0.0,1.0,0.0,0,0,710,100
18,okhttp,xgboost_gpu,F3_Project_Agnostic,26,0.1654,0.0052,810,100,710,0.14793471957178994,0.5526056338028169,0.0,0.0,0.0,0.0,1.0,0.0,0,0,710,100
18,okhttp,xgboost_gpu,F4_Feature_Selection,12,0.1566,0.0048,810,100,710,0.128657583732782,0.45706338028169013,0.0,0.0,0.0,0.0,1.0,0.0,0,0,710,100
18,okhttp,random_forest,F1_Original,23,0.2192,0.0387,810,100,710,0.13687185657034842,0.5046056338028169,0.0,0.0,0.0,0.0,1.0,0.0,0,0,710,100
18,okhttp,random_forest,F2_Ratios_Only,28,0.2311,0.0341,810,100,710,0.1330463061520821,0.5085070422535212,0.0,0.0,0.0,0.0,1.0,0.0,0,0,710,100
18,okhttp,random_forest,F3_Project_Agnostic,26,0.2674,0.032,810,100,710,0.12755275247774878,0.46606338028169014,0.0,0.0,0.0,0.0,1.0,0.0,0,0,710,100
18,okhttp,random_forest,F4_Feature_Selection,12,0.2411,0.0419,810,100,710,0.13860371732558757,0.5326478873239437,0.0,0.0,0.0,0.0,1.0,0.0,0,0,710,100
19,orbit,xgboost_gpu,F1_Original,23,0.192,0.0052,86,7,79,0.16496064997834126,0.6889692585895117,0.0,0.0,0.0,-0.04593152121746254,0.9746835443037974,0.02531645569620253,0,2,77,7
19,orbit,xgboost_gpu,F2_Ratios_Only,28,0.1898,0.0051,86,7,79,0.14882996294275808,0.7070524412296564,0.0,0.0,0.0,-0.05659226231861449,0.9620253164556962,0.0379746835443038,0,3,76,7
19,orbit,xgboost_gpu,F3_Project_Agnostic,26,0.1759,0.0047,86,7,79,0.1926858855430284,0.7920433996383363,0.0,0.0,0.0,0.0,1.0,0.0,0,0,79,7
19,orbit,xgboost_gpu,F4_Feature_Selection,12,0.1501,0.0049,86,7,79,0.1433005823738089,0.7061482820976492,0.0,0.0,0.0,-0.04593152121746254,0.9746835443037974,0.02531645569620253,0,2,77,7
19,orbit,random_forest,F1_Original,23,0.2344,0.032,86,7,79,0.14982604965059018,0.7115732368896925,0.0,0.0,0.0,-0.05659226231861449,0.9620253164556962,0.0379746835443038,0,3,76,7
19,orbit,random_forest,F2_Ratios_Only,28,0.2588,0.0331,86,7,79,0.15042389461327768,0.705244122965642,0.0,0.0,0.0,-0.04593152121746254,0.9746835443037974,0.02531645569620253,0,2,77,7
19,orbit,random_forest,F3_Project_Agnostic,26,0.2841,0.0328,86,7,79,0.14375998151508357,0.6790235081374322,0.0,0.0,0.0,0.0,1.0,0.0,0,0,79,7
19,orbit,random_forest,F4_Feature_Selection,12,0.2538,0.0327,86,7,79,0.11656049614967938,0.635623869801085,0.0,0.0,0.0,-0.05659226231861449,0.9620253164556962,0.0379746835443038,0,3,76,7
20,spring-boot,xgboost_gpu,F1_Original,23,0.1477,0.0054,2115,160,1955,0.12369947809284072,0.7167167519181585,0.023809523809523808,0.00625,0.009900990099009901,-0.02790435356709227,0.9790281329923274,0.020971867007672635,1,41,1914,159
20,spring-boot,xgboost_gpu,F2_Ratios_Only,28,0.1534,0.0053,2115,160,1955,0.14401838369858685,0.7484239130434783,0.0,0.0,0.0,-0.04451553371045855,0.9744245524296675,0.02557544757033248,0,50,1905,160
20,spring-boot,xgboost_gpu,F3_Project_Agnostic,26,0.1638,0.0062,2115,160,1955,0.1055483015456487,0.6583280051150895,0.037037037037037035,0.00625,0.0106951871657754,-0.016604587548617388,0.9867007672634271,0.01329923273657289,1,26,1929,159
20,spring-boot,xgboost_gpu,F4_Feature_Selection,12,0.145,0.0051,2115,160,1955,0.14815667522527437,0.7486349104859336,0.07692307692307693,0.00625,0.011560693641618497,0.00037857038797573097,0.9938618925831202,0.006138107416879796,1,12,1943,159
20,spring-boot,random_forest,F1_Original,23,0.2153,0.0418,2115,160,1955,0.10287048042619283,0.6111397058823529,0.0,0.0,0.0,-0.01525892525937871,0.9969309462915601,0.003069053708439898,0,6,1949,160
20,spring-boot,random_forest,F2_Ratios_Only,28,0.2777,0.0417,2115,160,1955,0.08725919018242796,0.6028324808184143,0.0,0.0,0.0,-0.03601664189622404,0.9831202046035805,0.01687979539641944,0,33,1922,160
20,spring-boot,random_forest,F3_Project_Agnostic,26,0.2589,0.0302,2115,160,1955,0.09824088372823574,0.6294005754475702,0.0,0.0,0.0,0.0,1.0,0.0,0,0,1955,160
20,spring-boot,random_forest,F4_Feature_Selection,12,0.229,0.0436,2115,160,1955,0.13968117162500923,0.7169245524296675,0.0,0.0,0.0,0.0,1.0,0.0,0,0,1955,160
21,undertow,xgboost_gpu,F1_Original,23,0.1497,0.0049,183,7,176,0.1880342309774947,0.5097402597402598,0.25,0.14285714285714285,0.18181818181818182,0.1650326346950863,0.9829545454545454,0.017045454545454544,1,3,173,6
21,undertow,xgboost_gpu,F2_Ratios_Only,28,0.1568,0.0051,183,7,176,0.1945025349943288,0.5714285714285714,0.25,0.14285714285714285,0.18181818181818182,0.1650326346950863,0.9829545454545454,0.017045454545454544,1,3,173,6
21,undertow,xgboost_gpu,F3_Project_Agnostic,26,0.1623,0.0053,183,7,176,0.2114818567936188,0.6704545454545454,0.3333333333333333,0.14285714285714285,0.2,0.19861533663856865,0.9886363636363636,0.011363636363636364,1,2,174,6
21,undertow,xgboost_gpu,F4_Feature_Selection,12,0.1557,0.0056,183,7,176,0.10624239254832246,0.6688311688311689,0.3333333333333333,0.14285714285714285,0.2,0.19861533663856865,0.9886363636363636,0.011363636363636364,1,2,174,6
21,undertow,random_forest,F1_Original,23,0.2379,0.0295,183,7,176,0.08507094422680789,0.7175324675324675,0.0,0.0,0.0,-0.020963722222506212,0.9886363636363636,0.011363636363636364,0,2,174,7
21,undertow,random_forest,F2_Ratios_Only,28,0.2525,0.0314,183,7,176,0.1437591832121463,0.6700487012987013,0.0,0.0,0.0,-0.014782809899727065,0.9943181818181818,0.005681818181818182,0,1,175,7
21,undertow,random_forest,F3_Project_Agnostic,26,0.2701,0.0322,183,7,176,0.1440617353660832,0.851461038961039,0.0,0.0,0.0,0.0,1.0,0.0,0,0,176,7
21,undertow,random_forest,F4_Feature_Selection,12,0.2656,0.0286,183,7,176,0.0646451323004118,0.6891233766233766,0.0,0.0,0.0,0.0,1.0,0.0,0,0,176,7
22,wildfly,xgboost_gpu,F1_Original,23,0.1463,0.0049,1030,23,1007,0.04359601481121934,0.663745088726739,0.10526315789473684,0.08695652173913043,0.09523809523809523,0.07694625514966538,0.9831181727904668,0.016881827209533268,2,17,990,21
22,wildfly,xgboost_gpu,F2_Ratios_Only,28,0.1564,0.0049,1030,23,1007,0.06895436520703581,0.7877034670351022,0.09090909090909091,0.08695652173913043,0.08888888888888889,0.0685694640106183,0.9801390268123138,0.019860973187686197,2,20,987,21
22,wildfly,xgboost_gpu,F3_Project_Agnostic,26,0.1638,0.0054,1030,23,1007,0.06485811317423251,0.816545054185916,0.047619047619047616,0.13043478260869565,0.06976744186046512,0.04368641590079602,0.9404170804369414,0.05958291956305859,3,60,947,20
22,wildfly,xgboost_gpu,F4_Feature_Selection,12,0.1512,0.005,1030,23,1007,0.062175912346857334,0.8220284098268642,0.04838709677419355,0.13043478260869565,0.07058823529411765,0.04463146528217953,0.9414101290963257,0.05858987090367428,3,59,948,20
22,wildfly,random_forest,F1_Original,23,0.2207,0.0287,1030,23,1007,0.08961055708437371,0.8435300721039679,0.0,0.0,0.0,-0.009436381663124925,0.9960278053624627,0.003972194637537239,0,4,1003,23
22,wildfly,random_forest,F2_Ratios_Only,28,0.2332,0.0396,1030,23,1007,0.1140031323015965,0.8864038685721687,0.05555555555555555,0.043478260869565216,0.04878048780487805,0.029989936767923928,0.9831181727904668,0.016881827209533268,1,17,990,22
22,wildfly,random_forest,F3_Project_Agnostic,26,0.2787,0.0279,1030,23,1007,0.07320839512005538,0.8542377272138508,0.0,0.0,0.0,-0.02662240497377351,0.9692154915590864,0.030784508440913606,0,31,976,23
22,wildfly,random_forest,F4_Feature_Selection,12,0.2357,0.0295,1030,23,1007,0.07861527982152042,0.8514528733647079,0.05263157894736842,0.13043478260869565,0.075,0.04963676243474278,0.9463753723932473,0.05362462760675273,3,54,953,20
23,wro4j,xgboost_gpu,F1_Original,23,0.1553,0.0052,1135,16,1119,0.04341797513593069,0.6565013404825738,0.3333333333333333,0.0625,0.10526315789473684,0.13940253414572562,0.998212689901698,0.0017873100983020554,1,2,1117,15
23,wro4j,xgboost_gpu,F2_Ratios_Only,28,0.1538,0.0047,1135,16,1119,0.0259417819885424,0.6381255585344058,0.0,0.0,0.0,-0.01641768807143935,0.9812332439678284,0.01876675603217158,0,21,1098,16
23,wro4j,xgboost_gpu,F3_Project_Agnostic,26,0.1913,0.0049,1135,16,1119,0.01959499034432676,0.612097855227882,0.014184397163120567,0.125,0.025477707006369428,0.0002794796898058954,0.8757819481680071,0.12421805183199285,2,139,980,14
23,wro4j,xgboost_gpu,F4_Feature_Selection,12,0.1419,0.0045,1135,16,1119,0.06285348101186947,0.6826966041108131,0.036585365853658534,0.1875,0.061224489795918366,0.0532320365798212,0.9294012511170688,0.07059874888293119,3,79,1040,13
23,wro4j,random_forest,F1_Original,23,0.2155,0.0286,1135,16,1119,0.0396602152990229,0.640722743521001,0.06666666666666667,0.125,0.08695652173913043,0.07347443074943322,0.9749776586237712,0.025022341376228777,2,28,1091,14
23,wro4j,random_forest,F2_Ratios_Only,28,0.2332,0.0287,1135,16,1119,0.07590684740626713,0.6159238159070599,0.15384615384615385,0.125,0.13793103448275862,0.12759848611159308,0.9901697944593387,0.009830205540661306,2,11,1108,14
23,wro4j,random_forest,F3_Project_Agnostic,26,0.2791,0.028,1135,16,1119,0.024017302154408365,0.55702636282395,0.0625,0.125,0.08333333333333333,0.06993282797106658,0.9731903485254692,0.02680965147453083,2,30,1089,14
23,wro4j,random_forest,F4_Feature_Selection,12,0.2265,0.0411,1135,16,1119,0.030696886681975448,0.6508601429848078,0.06666666666666667,0.1875,0.09836065573770492,0.09060449614594253,0.9624664879356568,0.03753351206434316,3,42,1077,13
24,zxing,xgboost_gpu,F1_Original,23,0.142,0.0063,345,2,343,0.006091690119982225,0.2740524781341108,0.0,0.0,0.0,0.0,1.0,0.0,0,0,343,2
24,zxing,xgboost_gpu,F2_Ratios_Only,28,0.163,0.0046,345,2,343,0.006878971995251065,0.3309037900874635,0.0,0.0,0.0,-0.013193059901131718,0.9708454810495627,0.029154518950437316,0,10,333,2
24,zxing,xgboost_gpu,F3_Project_Agnostic,26,0.1579,0.0047,345,2,343,0.008424908424908426,0.45335276967930027,0.0,0.0,0.0,-0.01098901098901099,0.9795918367346939,0.02040816326530612,0,7,336,2
24,zxing,xgboost_gpu,F4_Feature_Selection,12,0.1437,0.0047,345,2,343,0.0073621553884711775,0.34839650145772594,0.0,0.0,0.0,-0.004117074412173107,0.9970845481049563,0.0029154518950437317,0,1,342,2
24,zxing,random_forest,F1_Original,23,0.2232,0.0296,345,2,343,0.006103678929765886,0.3921282798833819,0.0,0.0,0.0,-0.0058309037900874635,0.9941690962099126,0.0058309037900874635,0,2,341,2
24,zxing,random_forest,F2_Ratios_Only,28,0.254,0.0277,345,2,343,0.005572347516081532,0.37609329446064144,0.0,0.0,0.0,-0.009260053193602348,0.9854227405247813,0.014577259475218658,0,5,338,2
24,zxing,random_forest,F3_Project_Agnostic,26,0.2756,0.0301,345,2,343,0.005797101449275362,0.20991253644314867,0.0,0.0,0.0,-0.007151802490310841,0.9912536443148688,0.008746355685131196,0,3,340,2
24,zxing,random_forest,F4_Feature_Selection,12,0.2371,0.0283,345,2,343,0.006323208258884256,0.4198250728862974,0.0,0.0,0.0,-0.008270290104793679,0.9883381924198251,0.011661807580174927,0,4,339,2
