Component,Feature,Loading,Explained_Variance_Ratio
pca_churn_1,hIndexModificationsPerCoveredLine_window5,0.3573,0.5041
pca_churn_1,hIndexModificationsPerCoveredLine_window10,0.4016,0.5041
pca_churn_1,hIndexModificationsPerCoveredLine_window25,0.4411,0.5041
pca_churn_1,hIndexModificationsPerCoveredLine_window50,0.4412,0.5041
pca_churn_1,hIndexModificationsPerCoveredLine_window75,0.3959,0.5041
pca_churn_1,hIndexModificationsPerCoveredLine_window100,0.3638,0.5041
pca_churn_1,hIndexModificationsPerCoveredLine_window500,0.1305,0.5041
pca_churn_1,hIndexModificationsPerCoveredLine_window10000,0.1254,0.5041
pca_churn_2,hIndexModificationsPerCoveredLine_window5,-0.0331,0.174
pca_churn_2,hIndexModificationsPerCoveredLine_window10,-0.1497,0.174
pca_churn_2,hIndexModificationsPerCoveredLine_window25,-0.0736,0.174
pca_churn_2,hIndexModificationsPerCoveredLine_window50,-0.1195,0.174
pca_churn_2,hIndexModificationsPerCoveredLine_window75,-0.0716,0.174
pca_churn_2,hIndexModificationsPerCoveredLine_window100,0.0248,0.174
pca_churn_2,hIndexModificationsPerCoveredLine_window500,0.6937,0.174
pca_churn_2,hIndexModificationsPerCoveredLine_window10000,0.6855,0.174
pca_churn_3,hIndexModificationsPerCoveredLine_window5,-0.3922,0.1231
pca_churn_3,hIndexModificationsPerCoveredLine_window10,-0.3928,0.1231
pca_churn_3,hIndexModificationsPerCoveredLine_window25,-0.2543,0.1231
pca_churn_3,hIndexModificationsPerCoveredLine_window50,0.004,0.1231
pca_churn_3,hIndexModificationsPerCoveredLine_window75,0.5145,0.1231
pca_churn_3,hIndexModificationsPerCoveredLine_window100,0.5968,0.1231
pca_churn_3,hIndexModificationsPerCoveredLine_window500,-0.0218,0.1231
pca_churn_3,hIndexModificationsPerCoveredLine_window10000,-0.0771,0.1231
pca_churn_4,hIndexModificationsPerCoveredLine_window5,-0.4225,0.0715
pca_churn_4,hIndexModificationsPerCoveredLine_window10,0.084,0.0715
pca_churn_4,hIndexModificationsPerCoveredLine_window25,0.161,0.0715
pca_churn_4,hIndexModificationsPerCoveredLine_window50,0.1661,0.0715
pca_churn_4,hIndexModificationsPerCoveredLine_window75,0.031,0.0715
pca_churn_4,hIndexModificationsPerCoveredLine_window100,-0.1202,0.0715
pca_churn_4,hIndexModificationsPerCoveredLine_window500,-0.5805,0.0715
pca_churn_4,hIndexModificationsPerCoveredLine_window10000,0.6392,0.0715
pca_churn_5,hIndexModificationsPerCoveredLine_window5,0.718,0.0543
pca_churn_5,hIndexModificationsPerCoveredLine_window10,-0.21,0.0543
pca_churn_5,hIndexModificationsPerCoveredLine_window25,-0.34,0.0543
pca_churn_5,hIndexModificationsPerCoveredLine_window50,-0.2194,0.0543
pca_churn_5,hIndexModificationsPerCoveredLine_window75,0.0916,0.0543
pca_churn_5,hIndexModificationsPerCoveredLine_window100,0.1373,0.0543
pca_churn_5,hIndexModificationsPerCoveredLine_window500,-0.3894,0.0543
pca_churn_5,hIndexModificationsPerCoveredLine_window10000,0.3127,0.0543
pca_churn_6,hIndexModificationsPerCoveredLine_window5,0.1407,0.0355
pca_churn_6,hIndexModificationsPerCoveredLine_window10,-0.6298,0.0355
pca_churn_6,hIndexModificationsPerCoveredLine_window25,0.0437,0.0355
pca_churn_6,hIndexModificationsPerCoveredLine_window50,0.6539,0.0355
pca_churn_6,hIndexModificationsPerCoveredLine_window75,0.0797,0.0355
pca_churn_6,hIndexModificationsPerCoveredLine_window100,-0.3797,0.0355
pca_churn_6,hIndexModificationsPerCoveredLine_window500,0.0471,0.0355
pca_churn_6,hIndexModificationsPerCoveredLine_window10000,-0.0377,0.0355
