Feature,VIF,Category
hIndexModificationsPerCoveredLine_window25,4.452436533181017,Raw_hIndex
hIndexModificationsPerCoveredLine_window50,3.9293944374791883,Raw_hIndex
hIndexModificationsPerCoveredLine_window75,3.6912705355036053,Raw_hIndex
hIndexModificationsPerCoveredLine_window10,2.954157272142356,Raw_hIndex
hIndexModificationsPerCoveredLine_window100,2.9310932790473325,Raw_hIndex
hIndexModificationsPerCoveredLine_window5,1.7685788945850573,Raw_hIndex
hIndexModificationsPerCoveredLine_window500,1.3763295111215048,Raw_hIndex
hIndexModificationsPerCoveredLine_window10000,1.296018284525523,Raw_hIndex
pca_churn_5,1.0000000000000004,PCA_Churn
pca_churn_1,1.0000000000000002,PCA_Churn
pca_churn_3,1.0000000000000002,PCA_Churn
pca_churn_2,1.0,PCA_Churn
pca_churn_4,1.0,PCA_Churn
pca_churn_6,1.0,PCA_Churn
projectSourceClassesCovered,8.467515873506915,F1_Original_All
projectSourceLinesCovered,6.785692908299995,F1_Original_All
numCoveredLines,5.964664157691113,F1_Original_All
hIndexModificationsPerCoveredLine_window25,4.588958806444812,F1_Original_All
hIndexModificationsPerCoveredLine_window50,3.976533718107516,F1_Original_All
hIndexModificationsPerCoveredLine_window75,3.706933619152544,F1_Original_All
hIndexModificationsPerCoveredLine_window10,3.093285645301212,F1_Original_All
hIndexModificationsPerCoveredLine_window100,2.968141221238371,F1_Original_All
testLength,2.4407105922953867,F1_Original_All
numAsserts,2.227354567065845,F1_Original_All
hIndexModificationsPerCoveredLine_window5,1.9290677514862868,F1_Original_All
hIndexModificationsPerCoveredLine_window10000,1.7345227755487993,F1_Original_All
hIndexModificationsPerCoveredLine_window500,1.7332019906415284,F1_Original_All
mystery-guest,1.7222221341091262,F1_Original_All
resource-optimism,1.561289631807116,F1_Original_All
assertion-roulette,1.3860693316499193,F1_Original_All
num_third_party_libs,1.3645860768842653,F1_Original_All
conditional-test-logic,1.1804804739890082,F1_Original_All
fire-and-forget,1.1172104913089973,F1_Original_All
eager-test,1.0980540050457803,F1_Original_All
indirect-testing,1.0741463793014263,F1_Original_All
test-run-war,1.0475767779772858,F1_Original_All
ExecutionTime,1.028573221278278,F1_Original_All
log_projectSourceLinesCovered,14.582487477805325,F3_Project_Agnostic_All
log_numAsserts,11.276063089688684,F3_Project_Agnostic_All
log_projectSourceClassesCovered,10.329665692468867,F3_Project_Agnostic_All
log_numCoveredLines,6.047255486627076,F3_Project_Agnostic_All
assert_density,5.63349921849473,F3_Project_Agnostic_All
log_testLength,4.978018988191043,F3_Project_Agnostic_All
assertion-roulette,3.084912399024117,F3_Project_Agnostic_All
time_per_line,2.510833903985914,F3_Project_Agnostic_All
coverage_ratio,2.427330308073222,F3_Project_Agnostic_All
time_per_assert,1.9965920866575741,F3_Project_Agnostic_All
class_coverage_ratio,1.9668551540404144,F3_Project_Agnostic_All
log_ExecutionTime,1.865632875971776,F3_Project_Agnostic_All
mystery-guest,1.6883691292920973,F3_Project_Agnostic_All
resource-optimism,1.539877065786313,F3_Project_Agnostic_All
pca_churn_2,1.4775612359448511,F3_Project_Agnostic_All
num_third_party_libs,1.4771504906163364,F3_Project_Agnostic_All
pca_churn_1,1.2165299834396397,F3_Project_Agnostic_All
indirect-testing,1.2124323160738653,F3_Project_Agnostic_All
conditional-test-logic,1.1468267420826208,F3_Project_Agnostic_All
fire-and-forget,1.1305315483424168,F3_Project_Agnostic_All
pca_churn_6,1.128748549467868,F3_Project_Agnostic_All
pca_churn_4,1.1270471806768214,F3_Project_Agnostic_All
eager-test,1.1230334561688502,F3_Project_Agnostic_All
pca_churn_5,1.119626416192843,F3_Project_Agnostic_All
test-run-war,1.0514964559116768,F3_Project_Agnostic_All
pca_churn_3,1.044766147654319,F3_Project_Agnostic_All
