Project_ID,Project,Algorithm,Test_Samples,Flaky_Samples,MCC,Macro_F1,F1-Score,Precision,Recall,AUC-PR
E00,activiti,Random Forest,2044,32,-0.007905277281555673,0.4950592885375494,0.0,0.0,0.0,0.03233512882877556
E00,activiti,Extra Trees,2044,32,-0.005584392214126855,0.49555774925962487,0.0,0.0,0.0,0.025334817693831495
E00,activiti,Gradient Boosting,2044,32,0.04302902463802171,0.15292291471415181,0.035227272727272725,0.017939814814814815,0.96875,0.03372890442794015
E00,activiti,Logistic Regression,2044,32,0.022904149694116267,0.09155490046624636,0.032443746729461015,0.016498137307078234,0.96875,0.06637764019720054
E00,activiti,Naive Bayes,2044,32,0.03893847374145346,0.17244213964260532,0.03519061583577713,0.017931858936043037,0.9375,0.020461231663379265
E00,activiti,KNN,2044,32,0.028728718319788925,0.3602195844268413,0.03751233958538993,0.019367991845056064,0.59375,0.017592000074971827
E01,alluxio,Random Forest,187,116,0.05736456539533723,0.2848115999866973,0.017094017094017096,1.0,0.008620689655172414,0.9968751954123884
E01,alluxio,Extra Trees,187,116,0.14244149313813853,0.3309263596148842,0.09836065573770492,1.0,0.05172413793103448,0.9986640193442489
E01,alluxio,Gradient Boosting,187,116,0.3473635044203292,0.5537781705700398,0.4774193548387097,0.9487179487179487,0.31896551724137934,0.9479262853972386
E01,alluxio,Logistic Regression,187,116,-0.14317225997192043,0.31875095668146336,0.14388489208633093,0.43478260869565216,0.08620689655172414,0.5664104262435701
E01,alluxio,Naive Bayes,187,116,0.6212701325187945,0.794671752196024,0.8155339805825242,0.9333333333333333,0.7241379310344828,0.9651929353288603
E01,alluxio,KNN,187,116,0.18068757793869583,0.3868852459016393,0.2,0.9285714285714286,0.11206896551724138,0.7745181289298936
E02,ambari,Random Forest,324,52,0.4038306900660895,0.6970641401234183,0.5081967213114754,0.44285714285714284,0.5961538461538461,0.5128633605778598
E02,ambari,Extra Trees,324,52,0.3579277493512568,0.6571586308428414,0.39473684210526316,0.625,0.28846153846153844,0.5699709782908478
E02,ambari,Gradient Boosting,324,52,0.43141635195221545,0.6279809220985691,0.49019607843137253,0.32894736842105265,0.9615384615384616,0.44943345148447555
E02,ambari,Logistic Regression,324,52,0.06005916431857797,0.1621232743534902,0.2810810810810811,0.16352201257861634,1.0,0.3059862105971241
E02,ambari,Naive Bayes,324,52,0.16826923076923078,0.3148148148148148,0.3148148148148148,0.1875,0.9807692307692307,0.3349448312793267
E02,ambari,KNN,324,52,0.25797438593257327,0.6200021324234992,0.3373493975903614,0.45161290322580644,0.2692307692307692,0.371001963133167
E03,commons-exec,Random Forest,55,1,0.0,0.4954128440366973,0.0,0.0,0.0,0.25
E03,commons-exec,Extra Trees,55,1,0.0,0.4954128440366973,0.0,0.0,0.0,0.5
E03,commons-exec,Gradient Boosting,55,1,0.3298428357510533,0.5764576457645765,0.2222222222222222,0.125,1.0,0.5
E03,commons-exec,Logistic Regression,55,1,0.24459979523511424,0.5089285714285714,0.14285714285714285,0.07692307692307693,1.0,0.16666666666666666
E03,commons-exec,Naive Bayes,55,1,-0.038110796698335295,0.47619047619047616,0.0,0.0,0.0,0.2
E03,commons-exec,KNN,55,1,0.0,0.4954128440366973,0.0,0.0,0.0,0.5
E04,hbase,Random Forest,431,145,0.0,0.398884239888424,0.0,0.0,0.0,0.6559699821404668
E04,hbase,Extra Trees,431,145,0.0,0.398884239888424,0.0,0.0,0.0,0.6075666306352352
E04,hbase,Gradient Boosting,431,145,0.3547310663001663,0.6541775684632828,0.4888888888888889,0.6875,0.3793103448275862,0.6510789810940573
E04,hbase,Logistic Regression,431,145,0.40205319392870775,0.691269451823776,0.6253687315634219,0.5463917525773195,0.7310344827586207,0.6989922760297761
E04,hbase,Naive Bayes,431,145,0.43641899028643716,0.7179185111142843,0.6308724832214765,0.6143790849673203,0.6482758620689655,0.623358410753874
E04,hbase,KNN,431,145,-0.05961282832874861,0.3963585434173669,0.0,0.0,0.0,0.3976516303122432
E05,httpcore,Random Forest,712,22,-0.009477037923616989,0.49142857142857144,0.0,0.0,0.0,0.2956028851239504
E05,httpcore,Extra Trees,712,22,-0.006696563550883317,0.4917915774446824,0.0,0.0,0.0,0.12502528473991337
E05,httpcore,Gradient Boosting,712,22,0.4902604226532565,0.6931695755225167,0.42857142857142855,0.27631578947368424,0.9545454545454546,0.48249841680112066
E05,httpcore,Logistic Regression,712,22,0.25759741575773104,0.589215355172802,0.24074074074074073,0.1511627906976744,0.5909090909090909,0.14207111947271847
E05,httpcore,Naive Bayes,712,22,0.21812831081382392,0.5848742295518907,0.2222222222222222,0.14705882352941177,0.45454545454545453,0.22378567307243288
E05,httpcore,KNN,712,22,-0.011615136148474243,0.4910650464617584,0.0,0.0,0.0,0.038885597548518905
E06,incubator-dubbo,Random Forest,2176,19,-0.004027650830020208,0.49734349734349736,0.0,0.0,0.0,0.05285296834433141
E06,incubator-dubbo,Extra Trees,2176,19,-0.0053317646622763224,0.49699491447064265,0.0,0.0,0.0,0.03890237689687468
E06,incubator-dubbo,Gradient Boosting,2176,19,0.11146405179700856,0.5232632249840663,0.08333333333333333,0.04697986577181208,0.3684210526315789,0.09120813628384303
E06,incubator-dubbo,Logistic Regression,2176,19,0.08952713314175183,0.49827795263985475,0.05904059040590406,0.031746031746031744,0.42105263157894735,0.07291591423032731
E06,incubator-dubbo,Naive Bayes,2176,19,0.035045316008595985,0.5096902370770592,0.041237113402061855,0.02564102564102564,0.10526315789473684,0.036877224050002884
E06,incubator-dubbo,KNN,2176,19,0.07091886779270602,0.5327078102286243,0.07142857142857142,0.1111111111111111,0.05263157894736842,0.05737131375676268
E07,achilles,Random Forest,1317,4,0.0,0.49923954372623575,0.0,0.0,0.0,0.020282924679652696
E07,achilles,Extra Trees,1317,4,0.0,0.49923954372623575,0.0,0.0,0.0,0.010411622276029056
E07,achilles,Gradient Boosting,1317,4,0.006038694716690848,0.44577286215268414,0.007272727272727273,0.0036900369003690036,0.25,0.007662486007256433
E07,achilles,Logistic Regression,1317,4,0.03607535850438784,0.36990383498164864,0.01060070671378092,0.005338078291814947,0.75,0.009896607753503296
E07,achilles,Naive Bayes,1317,4,-0.014314596115219529,0.4829210836277974,0.0,0.0,0.0,0.008588870427742909
E07,achilles,KNN,1317,4,-0.0045784135197488585,0.4975200305227013,0.0,0.0,0.0,0.04697314833989094
E08,elastic-job-lite,Random Forest,558,3,0.0,0.49865229110512127,0.0,0.0,0.0,0.019610903037869328
E08,elastic-job-lite,Extra Trees,558,3,0.0,0.49865229110512127,0.0,0.0,0.0,0.06025213199851687
E08,elastic-job-lite,Gradient Boosting,558,3,-0.00624725522713481,0.49684400360685305,0.0,0.0,0.0,0.034416491963661776
E08,elastic-job-lite,Logistic Regression,558,3,-0.011794477433664763,0.49226569608735216,0.0,0.0,0.0,0.04686622773439494
E08,elastic-job-lite,Naive Bayes,558,3,-0.00624725522713481,0.49684400360685305,0.0,0.0,0.0,0.1810966810966811
E08,elastic-job-lite,KNN,558,3,0.0,0.49865229110512127,0.0,0.0,0.0,0.005376344086021506
E09,jimfs,Random Forest,212,0,0.0,1.0,0.0,0.0,0.0,
E09,jimfs,Extra Trees,212,0,0.0,1.0,0.0,0.0,0.0,
E09,jimfs,Gradient Boosting,212,0,0.0,0.49038461538461536,0.0,0.0,0.0,
E09,jimfs,Logistic Regression,212,0,0.0,0.06607929515418502,0.0,0.0,0.0,
E09,jimfs,Naive Bayes,212,0,0.0,0.4191780821917808,0.0,0.0,0.0,
E09,jimfs,KNN,212,0,0.0,1.0,0.0,0.0,0.0,
E10,hector,Random Forest,142,33,0.0,0.4342629482071713,0.0,0.0,0.0,0.46387910340431593
E10,hector,Extra Trees,142,33,0.0,0.4342629482071713,0.0,0.0,0.0,0.422043666184617
E10,hector,Gradient Boosting,142,33,0.3925073305220281,0.6867647058823529,0.55,0.46808510638297873,0.6666666666666666,0.49220192380567795
E10,hector,Logistic Regression,142,33,-0.05733088115523726,0.47130312609764663,0.18461538461538463,0.1875,0.18181818181818182,0.2673214212244871
E10,hector,Naive Bayes,142,33,0.20797836445593923,0.5873504273504273,0.32,0.47058823529411764,0.24242424242424243,0.5109050015441093
E10,hector,KNN,142,33,0.03510994985411321,0.4592293906810036,0.05555555555555555,0.3333333333333333,0.030303030303030304,0.27706643903827
E11,handlebars.java,Random Forest,427,1,0.0,0.49941383352872215,0.0,0.0,0.0,0.003424657534246575
E11,handlebars.java,Extra Trees,427,1,0.0,0.49941383352872215,0.0,0.0,0.0,0.0033112582781456954
E11,handlebars.java,Gradient Boosting,427,1,0.06165997746692589,0.3887062566277837,0.012195121951219513,0.006134969325153374,1.0,0.006666666666666667
E11,handlebars.java,Logistic Regression,427,1,-0.017644506965186293,0.46824408468244083,0.0,0.0,0.0,0.01818181818181818
E11,handlebars.java,Naive Bayes,427,1,-0.01283476047760865,0.4824242424242424,0.0,0.0,0.0,0.02564102564102564
E11,handlebars.java,KNN,427,1,0.0,0.49941383352872215,0.0,0.0,0.0,0.00234192037470726
E12,assertj-core,Random Forest,6261,1,-0.000276729642063495,0.4998402300687011,0.0,0.0,0.0,0.00015971889474524837
E12,assertj-core,Extra Trees,6261,1,0.0,0.49996006708729335,0.0,0.0,0.0,0.00015971889474524837
E12,assertj-core,Gradient Boosting,6261,1,-0.0029860665572207477,0.4863822805578343,0.0,0.0,0.0,0.00020777062123415748
E12,assertj-core,Logistic Regression,6261,1,-0.00694183043946996,0.43441734417344174,0.0,0.0,0.0,0.0002594706798131811
E12,assertj-core,Naive Bayes,6261,1,-0.002085835345120487,0.4932416025900445,0.0,0.0,0.0,0.0024096385542168677
E12,assertj-core,KNN,6261,1,-0.0003195654002466485,0.4998002716305824,0.0,0.0,0.0,0.00015971889474524837
E13,http-request,Random Forest,163,18,0.0,0.4707792207792208,0.0,0.0,0.0,0.11465597853634664
E13,http-request,Extra Trees,163,18,0.0,0.4707792207792208,0.0,0.0,0.0,0.149368304084919
E13,http-request,Gradient Boosting,163,18,-0.04824506406770077,0.46557377049180326,0.0,0.0,0.0,0.1623346111517957
E13,http-request,Logistic Regression,163,18,0.17899909136385325,0.43790768208068476,0.26548672566371684,0.15789473684210525,0.8333333333333334,0.4305550528763723
E13,http-request,Naive Bayes,163,18,0.21576331258816817,0.47756410256410253,0.28846153846153844,0.1744186046511628,0.8333333333333334,0.1621178705846256
E13,http-request,KNN,163,18,0.0,0.4707792207792208,0.0,0.0,0.0,0.20909731609534044
E14,ninja,Random Forest,306,1,0.0,0.49918166939443537,0.0,0.0,0.0,0.07142857142857142
E14,ninja,Extra Trees,306,1,0.0,0.49918166939443537,0.0,0.0,0.0,0.05
E14,ninja,Gradient Boosting,306,1,0.156812512046795,0.4965922444183314,0.05405405405405406,0.027777777777777776,1.0,0.05263157894736842
E14,ninja,Logistic Regression,306,1,0.09463835075183205,0.4354886464572847,0.024096385542168676,0.012195121951219513,1.0,0.02040816326530612
E14,ninja,Naive Bayes,306,1,-0.0215612771281553,0.46596858638743455,0.0,0.0,0.0,0.007874015748031496
E14,ninja,KNN,306,1,-0.008097763301789159,0.49421487603305786,0.0,0.0,0.0,0.0032679738562091504
E15,orbit,Random Forest,86,7,0.0,0.47878787878787876,0.0,0.0,0.0,0.1759930810445554
E15,orbit,Extra Trees,86,7,0.0,0.47878787878787876,0.0,0.0,0.0,0.15574425574425574
E15,orbit,Gradient Boosting,86,7,0.28882664801602487,0.5868222374742622,0.3225806451612903,0.20833333333333334,0.7142857142857143,0.18801025890691545
E15,orbit,Logistic Regression,86,7,0.03242370962718242,0.328125,0.15625,0.08771929824561403,0.7142857142857143,0.13996537362676467
E15,orbit,Naive Bayes,86,7,0.21430245731924266,0.5931882686849574,0.2857142857142857,0.21428571428571427,0.42857142857142855,0.17967706896278324
E15,orbit,KNN,86,7,-0.04593152121746254,0.4723926380368098,0.0,0.0,0.0,0.12256530519184418
E16,logback,Random Forest,842,22,0.0,0.49338146811071,0.0,0.0,0.0,0.047586965278836574
E16,logback,Extra Trees,842,22,0.0,0.49338146811071,0.0,0.0,0.0,0.05799976145575971
E16,logback,Gradient Boosting,842,22,0.018226997831044145,0.5091044674937293,0.044444444444444446,0.043478260869565216,0.045454545454545456,0.04497789365908682
E16,logback,Logistic Regression,842,22,0.20383046666646976,0.5490729798750991,0.17687074829931973,0.104,0.5909090909090909,0.12741459006854378
E16,logback,Naive Bayes,842,22,0.1843051308832345,0.5600236277717193,0.17857142857142858,0.1111111111111111,0.45454545454545453,0.08194948335898213
E16,logback,KNN,842,22,0.07463822765794702,0.527864044168392,0.07142857142857142,0.16666666666666666,0.045454545454545456,0.04962159772136019
E17,spring-boot,Random Forest,2127,163,-0.02945156320188642,0.477267141803883,0.0,0.0,0.0,0.1174456989711692
E17,spring-boot,Extra Trees,2127,163,0.0,0.48007822048398924,0.0,0.0,0.0,0.09163985252392082
E17,spring-boot,Gradient Boosting,2127,163,0.23876429524869724,0.5974145790391628,0.2977941176470588,0.2125984251968504,0.49693251533742333,0.17536272782290405
E17,spring-boot,Logistic Regression,2127,163,0.007907583497128882,0.4854507490522816,0.11822660098522167,0.08071748878923767,0.22085889570552147,0.07953399464556432
E17,spring-boot,Naive Bayes,2127,163,-0.015990045547967655,0.4299492993984033,0.11825726141078838,0.07116104868913857,0.3496932515337423,0.0692670896000441
E17,spring-boot,KNN,2127,163,0.014305248964404169,0.4853142824220775,0.011764705882352941,0.14285714285714285,0.006134969325153374,0.07539148315888987
E18,okhttp,Random Forest,810,100,0.0,0.46710526315789475,0.0,0.0,0.0,0.1311932341028662
E18,okhttp,Extra Trees,810,100,0.0,0.46710526315789475,0.0,0.0,0.0,0.13512070764763415
E18,okhttp,Gradient Boosting,810,100,0.022942717373784335,0.49753664275937026,0.07633587786259542,0.16129032258064516,0.05,0.1777686451199359
E18,okhttp,Logistic Regression,810,100,-0.09279775739984729,0.4533675259819139,0.03225806451612903,0.03488372093023256,0.03,0.0973407169877143
E18,okhttp,Naive Bayes,810,100,0.10068096329219058,0.4867872845613788,0.038834951456310676,0.6666666666666666,0.02,0.11136982670830298
E18,okhttp,KNN,810,100,0.0,0.46710526315789475,0.0,0.0,0.0,0.12275308641975308
E19,java-websocket,Random Forest,145,23,0.0,0.45692883895131087,0.0,0.0,0.0,0.37249218676761486
E19,java-websocket,Extra Trees,145,23,0.0,0.45692883895131087,0.0,0.0,0.0,0.7275867772762182
E19,java-websocket,Gradient Boosting,145,23,-0.022239012380096866,0.476273508531573,0.06451612903225806,0.125,0.043478260869565216,0.6101328182062815
E19,java-websocket,Logistic Regression,145,23,0.419471434251494,0.5992772108843537,0.46938775510204084,0.30666666666666664,1.0,0.29739308838182743
E19,java-websocket,Naive Bayes,145,23,0.5473750432190986,0.7129401883736277,0.5822784810126582,0.4107142857142857,1.0,0.30771514166272546
E19,java-websocket,KNN,145,23,-0.036182848738112096,0.4548872180451128,0.0,0.0,0.0,0.47031484257871065
E20,undertow,Random Forest,183,7,0.19861533663856865,0.5887640449438202,0.2,0.3333333333333333,0.14285714285714285,0.13423627959342244
E20,undertow,Extra Trees,183,7,0.0,0.49025069637883006,0.0,0.0,0.0,0.055482460131204045
E20,undertow,Gradient Boosting,183,7,0.04784776762812528,0.44814720163557376,0.09230769230769231,0.05172413793103448,0.42857142857142855,0.09008480862700811
E20,undertow,Logistic Regression,183,7,-0.04276541713827371,0.3389162561576355,0.05714285714285714,0.030612244897959183,0.42857142857142855,0.05600858766187933
E20,undertow,Naive Bayes,183,7,0.15821628853886543,0.4731371687893427,0.14492753623188406,0.08064516129032258,0.7142857142857143,0.09829501564195442
E20,undertow,KNN,183,7,0.14133878647038903,0.5692090395480226,0.16666666666666666,0.2,0.14285714285714285,0.10837205224861927
E21,wildfly,Random Forest,1236,23,-0.012436216743052064,0.4932349323493235,0.0,0.0,0.0,0.06691998860762667
E21,wildfly,Extra Trees,1236,23,-0.01179322246147065,0.4934426229508197,0.0,0.0,0.0,0.0835827593640026
E21,wildfly,Gradient Boosting,1236,23,0.1409074014273057,0.48742025277326767,0.09966777408637874,0.0539568345323741,0.6521739130434783,0.0800142376602831
E21,wildfly,Logistic Regression,1236,23,0.09771267408966854,0.46497724340224617,0.07669616519174041,0.04113924050632911,0.5652173913043478,0.04378357404134574
E21,wildfly,Naive Bayes,1236,23,0.15302412398501486,0.47906811665733157,0.10059171597633136,0.05396825396825397,0.7391304347826086,0.056859880751410304
E21,wildfly,KNN,1236,23,-0.0067922334872826005,0.4946852003270646,0.0,0.0,0.0,0.01860059722026797
E22,wro4j,Random Forest,1145,16,0.03312609894944242,0.5157197236712251,0.04878048780487805,0.04,0.0625,0.01847546697833783
E22,wro4j,Extra Trees,1145,16,0.03312609894944242,0.5157197236712251,0.04878048780487805,0.04,0.0625,0.03626611749572865
E22,wro4j,Gradient Boosting,1145,16,0.04619474276468357,0.4045065619195518,0.04044943820224719,0.02097902097902098,0.5625,0.03795384117548287
E22,wro4j,Logistic Regression,1145,16,0.04640610053519904,0.3262569916021258,0.036753445635528334,0.018838304552590265,0.75,0.0826776617819168
E22,wro4j,Naive Bayes,1145,16,0.03305641819210278,0.42621058558558556,0.03783783783783784,0.01977401129943503,0.4375,0.052288299462639014
E22,wro4j,KNN,1145,16,0.06402972242301824,0.5059859458769945,0.06504065040650407,0.037383177570093455,0.25,0.020717127815690274
E23,zxing,Random Forest,345,2,0.0,0.498546511627907,0.0,0.0,0.0,0.007030782129596359
E23,zxing,Extra Trees,345,2,0.0,0.498546511627907,0.0,0.0,0.0,0.006866804692891649
E23,zxing,Gradient Boosting,345,2,-0.03325448937568096,0.4549763033175355,0.0,0.0,0.0,0.0063052702541936
E23,zxing,Logistic Regression,345,2,0.03361448385020011,0.4214896214896215,0.01904761904761905,0.009708737864077669,0.5,0.008095975232198143
E23,zxing,Naive Bayes,345,2,-0.0374871946450946,0.4444444444444444,0.0,0.0,0.0,0.006188024408848207
E23,zxing,KNN,345,2,-0.0058309037900874635,0.4970845481049563,0.0,0.0,0.0,0.005797101449275362
