Task,Algorithm,Feature,Mean_Importance,Std_Importance,Overall_Mean_Importance,Overall_Std_Importance
Classification,Gradient Boosting,ExecutionTime,0.36404931025081816,0.02825791442747709,0.19586123879415374,0.09336959811988776
Regression,Gradient Boosting Regressor,ExecutionTime,0.22662521755055945,0.02983295429765274,0.19586123879415374,0.09336959811988776
Regression,Random Forest Regressor,ExecutionTime,0.20224624050330373,0.014476056049123848,0.19586123879415374,0.09336959811988776
Classification,Random Forest,ExecutionTime,0.19075704404987012,0.010772672061307423,0.19586123879415374,0.09336959811988776
Regression,Extra Trees Regressor,ExecutionTime,0.11298321105847388,0.0066503170357828795,0.19586123879415374,0.09336959811988776
Classification,Extra Trees,ExecutionTime,0.07850640935189704,0.0056013652591760665,0.19586123879415374,0.09336959811988776
Regression,Gradient Boosting Regressor,projectSourceClassesCovered,0.19934303721249438,0.028395478833418756,0.13762389146504944,0.042505012428006896
Regression,Extra Trees Regressor,projectSourceClassesCovered,0.18286210848451767,0.009489842364221582,0.13762389146504944,0.042505012428006896
Regression,Random Forest Regressor,projectSourceClassesCovered,0.12633077548559535,0.0168134866148114,0.13762389146504944,0.042505012428006896
Classification,Random Forest,projectSourceClassesCovered,0.11771512360887003,0.005720107216569012,0.13762389146504944,0.042505012428006896
Classification,Gradient Boosting,projectSourceClassesCovered,0.10410030267653435,0.017573779089896612,0.13762389146504944,0.042505012428006896
Classification,Extra Trees,projectSourceClassesCovered,0.09539200132228483,0.004627309489455854,0.13762389146504944,0.042505012428006896
Classification,Random Forest,projectSourceLinesCovered,0.11576880790331616,0.0078123850743076085,0.08618493335474676,0.020589028733285976
Regression,Extra Trees Regressor,projectSourceLinesCovered,0.09750542123746488,0.004484039914651618,0.08618493335474676,0.020589028733285976
Classification,Gradient Boosting,projectSourceLinesCovered,0.0874662046140789,0.019350605270188875,0.08618493335474676,0.020589028733285976
Regression,Random Forest Regressor,projectSourceLinesCovered,0.08417027067434683,0.00602988676893632,0.08618493335474676,0.020589028733285976
Classification,Extra Trees,projectSourceLinesCovered,0.07306147717805826,0.004327994299853239,0.08618493335474676,0.020589028733285976
Regression,Gradient Boosting Regressor,projectSourceLinesCovered,0.05913741852121553,0.011353647863394854,0.08618493335474676,0.020589028733285976
Regression,Extra Trees Regressor,numCoveredLines,0.1329500507436028,0.00614709101358734,0.07907269076159865,0.03244353471905213
Regression,Random Forest Regressor,numCoveredLines,0.10383097048437524,0.010036319057050214,0.07907269076159865,0.03244353471905213
Classification,Random Forest,numCoveredLines,0.07606720910807062,0.0027486712258760642,0.07907269076159865,0.03244353471905213
Classification,Extra Trees,numCoveredLines,0.06416760930298103,0.002772920695571624,0.07907269076159865,0.03244353471905213
Regression,Gradient Boosting Regressor,numCoveredLines,0.05498758198375576,0.019549937376350496,0.07907269076159865,0.03244353471905213
Classification,Gradient Boosting,numCoveredLines,0.042432722946806424,0.009609586924838038,0.07907269076159865,0.03244353471905213
Regression,Random Forest Regressor,testLength,0.13407467130673736,0.008340502546548214,0.07830945336628257,0.03341992536295549
Regression,Extra Trees Regressor,testLength,0.09632595132889626,0.003666718778685211,0.07830945336628257,0.03341992536295549
Regression,Gradient Boosting Regressor,testLength,0.0831572205528948,0.023547055440796227,0.07830945336628257,0.03341992536295549
Classification,Random Forest,testLength,0.06699405749484713,0.003980623207654593,0.07830945336628257,0.03341992536295549
Classification,Extra Trees,testLength,0.05046601254482224,0.0027978171448235383,0.07830945336628257,0.03341992536295549
Classification,Gradient Boosting,testLength,0.03883880696949765,0.010323366983487497,0.07830945336628257,0.03341992536295549
Regression,Gradient Boosting Regressor,hIndexModificationsPerCoveredLine_window75,0.15449824330935433,0.02912180365849921,0.062119707637031785,0.04579853703530637
Regression,Random Forest Regressor,hIndexModificationsPerCoveredLine_window75,0.05513764518530994,0.010578270693811625,0.062119707637031785,0.04579853703530637
Classification,Gradient Boosting,hIndexModificationsPerCoveredLine_window75,0.04930076544894563,0.025240110377663022,0.062119707637031785,0.04579853703530637
Classification,Extra Trees,hIndexModificationsPerCoveredLine_window75,0.04652629857172213,0.00536703762109463,0.062119707637031785,0.04579853703530637
Classification,Random Forest,hIndexModificationsPerCoveredLine_window75,0.04540883198491268,0.006395136110621354,0.062119707637031785,0.04579853703530637
Regression,Extra Trees Regressor,hIndexModificationsPerCoveredLine_window75,0.02184646132194601,0.0030868890233777765,0.062119707637031785,0.04579853703530637
Regression,Gradient Boosting Regressor,hIndexModificationsPerCoveredLine_window50,0.0769174946561543,0.028516243995758445,0.04877149724889271,0.022588326089050315
Classification,Extra Trees,hIndexModificationsPerCoveredLine_window50,0.05908228127140481,0.005556896843358973,0.04877149724889271,0.022588326089050315
Regression,Random Forest Regressor,hIndexModificationsPerCoveredLine_window50,0.054436604547846136,0.009545494763508596,0.04877149724889271,0.022588326089050315
Regression,Extra Trees Regressor,hIndexModificationsPerCoveredLine_window50,0.04965081018418457,0.003695796842802948,0.04877149724889271,0.022588326089050315
Classification,Random Forest,hIndexModificationsPerCoveredLine_window50,0.03439180636175046,0.0029918862751508297,0.04877149724889271,0.022588326089050315
Classification,Gradient Boosting,hIndexModificationsPerCoveredLine_window50,0.018149986472015937,0.00696067522969519,0.04877149724889271,0.022588326089050315
Classification,Gradient Boosting,hIndexModificationsPerCoveredLine_window100,0.10174603306766895,0.029611392061697557,0.04581704338043122,0.036723303759063526
Classification,Extra Trees,hIndexModificationsPerCoveredLine_window100,0.06791117346738006,0.004265120399538506,0.04581704338043122,0.036723303759063526
Classification,Random Forest,hIndexModificationsPerCoveredLine_window100,0.06335036354502817,0.00900422305003326,0.04581704338043122,0.036723303759063526
Regression,Gradient Boosting Regressor,hIndexModificationsPerCoveredLine_window100,0.020879257641183136,0.006768308118490881,0.04581704338043122,0.036723303759063526
Regression,Extra Trees Regressor,hIndexModificationsPerCoveredLine_window100,0.012341466155078565,0.0017625139647425975,0.04581704338043122,0.036723303759063526
Regression,Random Forest Regressor,hIndexModificationsPerCoveredLine_window100,0.008673966406248462,0.0027731559557318897,0.04581704338043122,0.036723303759063526
Regression,Random Forest Regressor,hIndexModificationsPerCoveredLine_window25,0.06248432934423162,0.018266106116347085,0.04090269335575646,0.01640842738177369
Regression,Gradient Boosting Regressor,hIndexModificationsPerCoveredLine_window25,0.045704658676755223,0.017419184765495754,0.04090269335575646,0.01640842738177369
Regression,Extra Trees Regressor,hIndexModificationsPerCoveredLine_window25,0.040269190348733865,0.008453338078597527,0.04090269335575646,0.01640842738177369
Classification,Extra Trees,hIndexModificationsPerCoveredLine_window25,0.03644289825160543,0.0029159554922988987,0.04090269335575646,0.01640842738177369
Classification,Gradient Boosting,hIndexModificationsPerCoveredLine_window25,0.03111975204831381,0.013455248597300672,0.04090269335575646,0.01640842738177369
Classification,Random Forest,hIndexModificationsPerCoveredLine_window25,0.02939533146489884,0.0025628553001957087,0.04090269335575646,0.01640842738177369
Regression,Extra Trees Regressor,hIndexModificationsPerCoveredLine_window10000,0.046708855164454416,0.00956543774083103,0.030755458749991416,0.013054784706314883
Classification,Extra Trees,hIndexModificationsPerCoveredLine_window10000,0.03944107748821574,0.0020205622812678407,0.030755458749991416,0.013054784706314883
Classification,Random Forest,hIndexModificationsPerCoveredLine_window10000,0.037217080562075296,0.00239927538777358,0.030755458749991416,0.013054784706314883
Regression,Random Forest Regressor,hIndexModificationsPerCoveredLine_window10000,0.022390020579429414,0.00947565472187344,0.030755458749991416,0.013054784706314883
Regression,Gradient Boosting Regressor,hIndexModificationsPerCoveredLine_window10000,0.0215483391533403,0.01005028436744032,0.030755458749991416,0.013054784706314883
Classification,Gradient Boosting,hIndexModificationsPerCoveredLine_window10000,0.017227379552433315,0.005212546258611306,0.030755458749991416,0.013054784706314883
Classification,Extra Trees,hIndexModificationsPerCoveredLine_window500,0.058115505324659526,0.003786754851113855,0.029551383352874924,0.01655549403495918
Classification,Random Forest,hIndexModificationsPerCoveredLine_window500,0.038378668393646016,0.0016501436650748207,0.029551383352874924,0.01655549403495918
Classification,Gradient Boosting,hIndexModificationsPerCoveredLine_window500,0.028911650301339364,0.004773955935520651,0.029551383352874924,0.01655549403495918
Regression,Extra Trees Regressor,hIndexModificationsPerCoveredLine_window500,0.027218375647045392,0.004545693936308384,0.029551383352874924,0.01655549403495918
Regression,Random Forest Regressor,hIndexModificationsPerCoveredLine_window500,0.017483846423231728,0.0033025744379635946,0.029551383352874924,0.01655549403495918
Regression,Gradient Boosting Regressor,hIndexModificationsPerCoveredLine_window500,0.007200254027327538,0.004540597242966753,0.029551383352874924,0.01655549403495918
Regression,Extra Trees Regressor,numAsserts,0.05301628560709826,0.001967280097105366,0.02923055225150882,0.01642487015599274
Regression,Random Forest Regressor,numAsserts,0.037982774272856776,0.00347183812779447,0.02923055225150882,0.01642487015599274
Classification,Extra Trees,numAsserts,0.0360691260290277,0.0019662540204923003,0.02923055225150882,0.01642487015599274
Classification,Random Forest,numAsserts,0.029699942419619586,0.0015726510684467311,0.02923055225150882,0.01642487015599274
Regression,Gradient Boosting Regressor,numAsserts,0.014505972346840793,0.007003619008277327,0.02923055225150882,0.01642487015599274
Classification,Gradient Boosting,numAsserts,0.00410921283360984,0.0013822874849118046,0.02923055225150882,0.01642487015599274
Classification,Extra Trees,num_third_party_libs,0.03523247051990158,0.0022024520108957033,0.023588670740481557,0.01219066837528961
Classification,Random Forest,num_third_party_libs,0.03163524216040444,0.002278017993838986,0.023588670740481557,0.01219066837528961
Regression,Extra Trees Regressor,num_third_party_libs,0.02903462120289201,0.002064336054002256,0.023588670740481557,0.01219066837528961
Regression,Random Forest Regressor,num_third_party_libs,0.02803932311796993,0.011239245875603016,0.023588670740481557,0.01219066837528961
Classification,Gradient Boosting,num_third_party_libs,0.013433002219603703,0.0043111038316234855,0.023588670740481557,0.01219066837528961
Regression,Gradient Boosting Regressor,num_third_party_libs,0.004157365222117691,0.0015833828964686,0.023588670740481557,0.01219066837528961
Classification,Extra Trees,hIndexModificationsPerCoveredLine_window10,0.05646820245405507,0.0055613838174353725,0.01980780884490347,0.019939130881286602
Classification,Random Forest,hIndexModificationsPerCoveredLine_window10,0.02700045203478207,0.003856427094134852,0.01980780884490347,0.019939130881286602
Classification,Gradient Boosting,hIndexModificationsPerCoveredLine_window10,0.024724975210292825,0.00855741914421035,0.01980780884490347,0.019939130881286602
Regression,Extra Trees Regressor,hIndexModificationsPerCoveredLine_window10,0.00864872548044676,0.0010447966746457776,0.01980780884490347,0.019939130881286602
Regression,Random Forest Regressor,hIndexModificationsPerCoveredLine_window10,0.0019416014923576707,0.00043767225004186304,0.01980780884490347,0.019939130881286602
Regression,Gradient Boosting Regressor,hIndexModificationsPerCoveredLine_window10,6.289639748641652e-05,0.0002555027448478635,0.01980780884490347,0.019939130881286602
Classification,Extra Trees,fire-and-forget,0.036702225442208476,0.0037847067932058245,0.016022815585949982,0.01607433929424568
Classification,Gradient Boosting,fire-and-forget,0.035160743898072284,0.008583159838270318,0.016022815585949982,0.01607433929424568
Classification,Random Forest,fire-and-forget,0.019722231752961734,0.0027745668172320923,0.016022815585949982,0.01607433929424568
Regression,Extra Trees Regressor,fire-and-forget,0.0039024721626119054,0.0004972939709193916,0.016022815585949982,0.01607433929424568
Regression,Random Forest Regressor,fire-and-forget,0.0006488290168461226,0.00018665219080936415,0.016022815585949982,0.01607433929424568
Regression,Gradient Boosting Regressor,fire-and-forget,3.91242999369751e-07,1.9166914277838605e-06,0.016022815585949982,0.01607433929424568
Classification,Extra Trees,indirect-testing,0.03862920968577737,0.00395910730576591,0.015118671318475376,0.012574782656954678
Regression,Random Forest Regressor,indirect-testing,0.01794957183180432,0.002910362204547816,0.015118671318475376,0.012574782656954678
Regression,Extra Trees Regressor,indirect-testing,0.016013025477980534,0.002764771027042454,0.015118671318475376,0.012574782656954678
Classification,Random Forest,indirect-testing,0.014172694419402916,0.0008358794645175929,0.015118671318475376,0.012574782656954678
Classification,Gradient Boosting,indirect-testing,0.002084001588893399,0.001492114152355759,0.015118671318475376,0.012574782656954678
Regression,Gradient Boosting Regressor,indirect-testing,0.0018635249069937198,0.0009358602535062674,0.015118671318475376,0.012574782656954678
Regression,Extra Trees Regressor,assertion-roulette,0.02753931325065002,0.0019820684465100347,0.012092213662971599,0.01101278808327346
Classification,Extra Trees,assertion-roulette,0.026453788447281603,0.002077756298375221,0.012092213662971599,0.01101278808327346
Classification,Random Forest,assertion-roulette,0.00888432496863782,0.0006183297007960356,0.012092213662971599,0.01101278808327346
Regression,Random Forest Regressor,assertion-roulette,0.0062876521352897554,0.0011440331398459434,0.012092213662971599,0.01101278808327346
Regression,Gradient Boosting Regressor,assertion-roulette,0.002435099562498249,0.0025504212659583072,0.012092213662971599,0.01101278808327346
Classification,Gradient Boosting,assertion-roulette,0.0009531036134721467,0.000847536774872561,0.012092213662971599,0.01101278808327346
Classification,Extra Trees,mystery-guest,0.017357379079677177,0.002750324247480926,0.009792611579129886,0.005235714467780415
Regression,Random Forest Regressor,mystery-guest,0.013342791481353712,0.0038255587855793656,0.009792611579129886,0.005235714467780415
Classification,Random Forest,mystery-guest,0.011402202816274605,0.0023895335938919834,0.009792611579129886,0.005235714467780415
Classification,Gradient Boosting,mystery-guest,0.006206842954138473,0.0024582930155043797,0.009792611579129886,0.005235714467780415
Regression,Extra Trees Regressor,mystery-guest,0.005237808634213051,0.0005547978537810806,0.009792611579129886,0.005235714467780415
Regression,Gradient Boosting Regressor,mystery-guest,0.005208644509122299,0.0019013478809437295,0.009792611579129886,0.005235714467780415
Regression,Gradient Boosting Regressor,resource-optimism,0.013477419138223012,0.0044220739570665244,0.009319848063119944,0.003391019991466843
Classification,Extra Trees,resource-optimism,0.010909465586615444,0.0015604457986449873,0.009319848063119944,0.003391019991466843
Classification,Gradient Boosting,resource-optimism,0.008753188971485065,0.0028001910480971903,0.009319848063119944,0.003391019991466843
Regression,Random Forest Regressor,resource-optimism,0.008387239182785973,0.0023075699960612107,0.009319848063119944,0.003391019991466843
Classification,Random Forest,resource-optimism,0.007741484486102859,0.0015654143827214177,0.009319848063119944,0.003391019991466843
Regression,Extra Trees Regressor,resource-optimism,0.006650291013507309,0.001391198001769081,0.009319848063119944,0.003391019991466843
Regression,Extra Trees Regressor,eager-test,0.01788144823487024,0.0029497101047038722,0.008760417535711643,0.005623825721318583
Classification,Extra Trees,eager-test,0.012898962322753367,0.0007130626815673409,0.008760417535711643,0.005623825721318583
Regression,Gradient Boosting Regressor,eager-test,0.0075615570763727475,0.0022896335911401777,0.008760417535711643,0.005623825721318583
Regression,Random Forest Regressor,eager-test,0.007039182086714159,0.0012185883174202123,0.008760417535711643,0.005623825721318583
Classification,Random Forest,eager-test,0.006280637867547824,0.0003828672965264559,0.008760417535711643,0.005623825721318583
Classification,Gradient Boosting,eager-test,0.0009007176260115254,0.0006369023858307152,0.008760417535711643,0.005623825721318583
Classification,Extra Trees,hIndexModificationsPerCoveredLine_window5,0.029676121547146078,0.003981313543460175,0.008741820938584706,0.010403523626747157
Classification,Random Forest,hIndexModificationsPerCoveredLine_window5,0.012843773870666786,0.002096845151775541,0.008741820938584706,0.010403523626747157
Classification,Gradient Boosting,hIndexModificationsPerCoveredLine_window5,0.0038047440176469088,0.0015262790801969248,0.008741820938584706,0.010403523626747157
Regression,Extra Trees Regressor,hIndexModificationsPerCoveredLine_window5,0.0037803255705648516,0.0012905796509360865,0.008741820938584706,0.010403523626747157
Regression,Random Forest Regressor,hIndexModificationsPerCoveredLine_window5,0.002165342235190707,0.0009054045188133997,0.008741820938584706,0.010403523626747157
Regression,Gradient Boosting Regressor,hIndexModificationsPerCoveredLine_window5,0.00018061839029290367,0.0005263381940037404,0.008741820938584706,0.010403523626747157
Classification,Extra Trees,test-run-war,0.017952339302713567,0.001536028215304853,0.008552575427641389,0.00760185359546085
Classification,Gradient Boosting,test-run-war,0.016391685022902457,0.005128949463991759,0.008552575427641389,0.00760185359546085
Classification,Random Forest,test-run-war,0.01194893887740865,0.0019136294319780432,0.008552575427641389,0.00760185359546085
Regression,Extra Trees Regressor,test-run-war,0.004089464484096858,0.0009521061030219265,0.008552575427641389,0.00760185359546085
Regression,Random Forest Regressor,test-run-war,0.0008789267088124235,0.0002875774082248559,0.008552575427641389,0.00760185359546085
Regression,Gradient Boosting Regressor,test-run-war,5.409816991437787e-05,0.00015113137596796397,0.008552575427641389,0.00760185359546085
Classification,Extra Trees,conditional-test-logic,0.012537965507811485,0.0010878615766007683,0.004002002584711984,0.004222316318753801
Regression,Random Forest Regressor,conditional-test-logic,0.004077425497362689,0.0011703520141986526,0.004002002584711984,0.004222316318753801
Regression,Extra Trees Regressor,conditional-test-logic,0.003544317206669905,0.0006765136530758643,0.004002002584711984,0.004222316318753801
Classification,Random Forest,conditional-test-logic,0.003223749848905249,0.0002980013886174671,0.004002002584711984,0.004222316318753801
Regression,Gradient Boosting Regressor,conditional-test-logic,0.0004936897521036803,0.0015415052961525344,0.004002002584711984,0.004222316318753801
Classification,Gradient Boosting,conditional-test-logic,0.00013486769541889583,0.0001789359422070116,0.004002002584711984,0.004222316318753801
