Project_ID,Project,Algorithm,Test_Samples,Mean_Failing_Runs,RMSE,MAE,R^2,Spearman_Rho
E00,activiti,Random Forest Regressor,2044,0.6771037181996086,414.10690550613486,317.13487279843446,-395.20609765507714,0.030773678906340432
E00,activiti,Extra Trees Regressor,2044,0.6771037181996086,460.7282633536676,301.2830381604697,-489.44004020576887,0.013560980467383188
E00,activiti,Gradient Boosting Regressor,2044,0.6771037181996086,148.66622326751107,70.24942572112138,-50.06470496995106,0.05099392527409783
E00,activiti,Ridge,2044,0.6771037181996086,193.25475537193333,152.80379880444502,-85.2892289432177,-0.053382013513906854
E00,activiti,Lasso,2044,0.6771037181996086,176.04695379433258,139.33990579714683,-70.60663065201395,-0.050906670832902304
E00,activiti,SVR,2044,0.6771037181996086,20.80930536637662,1.5441519426211956,-0.00048683035173602285,-0.008261976395480777
E01,alluxio,Random Forest Regressor,187,91.74866310160428,380.6060188980074,203.16844919786095,-23.691113932330264,0.6246178142743349
E01,alluxio,Extra Trees Regressor,187,91.74866310160428,536.2495284277995,230.61197860962565,-48.01434757194244,0.4370065644987788
E01,alluxio,Gradient Boosting Regressor,187,91.74866310160428,395.78057821440007,230.575817795791,-25.69920542693798,-0.12136668336948055
E01,alluxio,Ridge,187,91.74866310160428,308.7698389388513,279.31182507858733,-15.25021540265374,-0.2307411659939065
E01,alluxio,Lasso,187,91.74866310160428,303.9721147373165,274.98018281437936,-14.74914093315896,-0.23341152858674777
E01,alluxio,SVR,187,91.74866310160428,118.97491272197412,91.33264426415121,-1.4126824733278358,0.6801091701215131
E02,ambari,Random Forest Regressor,324,105.1358024691358,1242.0925817912048,178.46870370370368,-0.004792823205225227,0.3021256355053565
E02,ambari,Extra Trees Regressor,324,105.1358024691358,1255.5178302984082,207.08490740740743,-0.026630961805728992,0.18638520527996297
E02,ambari,Gradient Boosting Regressor,324,105.1358024691358,1245.4482106019398,186.79269133110623,-0.010229239608546159,-0.19741731885932942
E02,ambari,Ridge,324,105.1358024691358,1244.080902864474,210.8354893499413,-0.008012309155022157,-0.09924811859228783
E02,ambari,Lasso,324,105.1358024691358,1246.1272122511944,215.36125127188126,-0.011331066723659688,-0.10872986507091567
E02,ambari,SVR,324,105.1358024691358,1243.5634386867957,105.4056590982196,-0.007173936377311119,0.42309155997303316
E03,commons-exec,Random Forest Regressor,55,0.6,534.881185671598,124.54836363636363,-14715.96927908718,0.20215187397152382
E03,commons-exec,Extra Trees Regressor,55,0.6,973.5323278266811,356.39563636363636,-48752.353566030724,0.05212828157676493
E03,commons-exec,Gradient Boosting Regressor,55,0.6,255.40418540203018,158.43566848497497,-3354.5194403742107,0.08573800294917794
E03,commons-exec,Ridge,55,0.6,296.314192505656,264.6208066134597,-4515.568965034931,0.18859298328700122
E03,commons-exec,Lasso,55,0.6,291.73545606718073,260.2211698737235,-4377.064625860391,0.18002057495577392
E03,commons-exec,SVR,55,0.6,4.391188221239736,0.6859151926725741,0.008100103171058803,0.23145502494313788
E04,hbase,Random Forest Regressor,431,515.4941995359628,1496.9301829863336,583.0366125290024,-0.17935520648567338,0.28127219998862835
E04,hbase,Extra Trees Regressor,431,515.4941995359628,1483.5294765921792,622.6612064965196,-0.15833424975851407,0.3037143236310417
E04,hbase,Gradient Boosting Regressor,431,515.4941995359628,1447.6175848525208,551.0752312611652,-0.10293327198223934,0.2516829090718244
E04,hbase,Ridge,431,515.4941995359628,1539.1254419214024,597.9362611198559,-0.24677926931732208,0.24351204422707448
E04,hbase,Lasso,431,515.4941995359628,1533.5169230496424,594.2975884964063,-0.23770938520781093,0.22189716713018548
E04,hbase,SVR,431,515.4941995359628,1471.5559126191097,515.4492761688956,-0.13971187716569178,0.3140590795851628
E05,httpcore,Random Forest Regressor,712,0.49719101123595505,201.89485461506547,56.87183403558053,-595.0366047890334,0.23386859163912896
E05,httpcore,Extra Trees Regressor,712,0.49719101123595505,311.6312660864897,96.26358146067417,-1419.0527546973728,0.1456429518526062
E05,httpcore,Gradient Boosting Regressor,712,0.49719101123595505,187.70511301009319,96.03675526808132,-514.198554646919,0.13847014707222405
E05,httpcore,Ridge,712,0.49719101123595505,220.49508005098548,200.6284457928923,-709.9191897340769,-0.001741576232654624
E05,httpcore,Lasso,712,0.49719101123595505,213.82344419375863,195.0869552988502,-667.5487357297162,-0.017028030650474115
E05,httpcore,SVR,712,0.49719101123595505,8.22974921236049,0.6011064480519629,0.009634204841110439,0.19762010322510082
E06,incubator-dubbo,Random Forest Regressor,2176,4.241727941176471,330.4690898622401,79.02686810661764,-2.0330811098342223,0.05247098372674633
E06,incubator-dubbo,Extra Trees Regressor,2176,4.241727941176471,332.13682307032195,76.71729779411766,-2.0637716278758713,0.07146898975141062
E06,incubator-dubbo,Gradient Boosting Regressor,2176,4.241727941176471,376.56549057067406,133.57542598651594,-2.9382508081899443,0.007667005986896893
E06,incubator-dubbo,Ridge,2176,4.241727941176471,295.66947538018627,218.09455002881535,-1.4279252792080261,-0.0355379429174691
E06,incubator-dubbo,Lasso,2176,4.241727941176471,292.69577067945755,215.57210136152804,-1.3793330093423988,-0.03600133144005545
E06,incubator-dubbo,SVR,2176,4.241727941176471,189.79802592185982,4.303592994491646,-0.0004737944977140085,0.04860642294525234
E07,achilles,Random Forest Regressor,1317,0.1252847380410023,311.0472233920838,87.2903948367502,-8273.940237743018,0.05091750048030863
E07,achilles,Extra Trees Regressor,1317,0.1252847380410023,367.7221145945958,132.47661351556567,-11564.161609123756,-0.00886121144840177
E07,achilles,Gradient Boosting Regressor,1317,0.1252847380410023,296.35444702765403,125.03503495942601,-7510.645868872403,0.010041045984021293
E07,achilles,Ridge,1317,0.1252847380410023,226.24483751087777,182.2457082420453,-4376.937573556419,0.04947182451569596
E07,achilles,Lasso,1317,0.1252847380410023,221.71129345006526,179.19805534411256,-4203.243286648553,0.04932609495263954
E07,achilles,SVR,1317,0.1252847380410023,3.4661999448595533,0.3187575445613062,-0.027588961043260474,0.020732235028030486
E08,elastic-job-lite,Random Forest Regressor,558,0.012544802867383513,211.36227645670496,59.58329749103943,-926274.4907119669,0.06446167598749564
E08,elastic-job-lite,Extra Trees Regressor,558,0.012544802867383513,24.787040021886337,4.1927240143369175,-12737.976988346547,0.11016112639557724
E08,elastic-job-lite,Gradient Boosting Regressor,558,0.012544802867383513,87.07510784247272,49.4660235471907,-157206.49918630492,-0.006389554095556928
E08,elastic-job-lite,Ridge,558,0.012544802867383513,67.53949897161785,58.34642855962704,-94579.34334975205,-0.011788543066760934
E08,elastic-job-lite,Lasso,558,0.012544802867383513,66.25091323964006,56.53886139383733,-91004.77564611415,-0.010719732612007883
E08,elastic-job-lite,SVR,558,0.012544802867383513,0.23200094055888743,0.06583057694119082,-0.11600131994018659,-0.06208698119202205
E09,jimfs,Random Forest Regressor,212,0.0,295.5069711840928,111.37004716981133,0.0,
E09,jimfs,Extra Trees Regressor,212,0.0,159.46844846741243,34.13509433962265,0.0,
E09,jimfs,Gradient Boosting Regressor,212,0.0,57.716460398294124,42.6086303245246,0.0,
E09,jimfs,Ridge,212,0.0,125.78378722632759,112.52005658396578,0.0,
E09,jimfs,Lasso,212,0.0,121.35044694315364,108.34120588321763,0.0,
E09,jimfs,SVR,212,0.0,0.1085960308865854,0.0809730126917887,0.0,
E10,hector,Random Forest Regressor,142,45.978873239436616,781.552796386873,278.4506338028169,-2.3041285514082976,0.1407629183026601
E10,hector,Extra Trees Regressor,142,45.978873239436616,533.4201835630091,208.03619718309855,-0.5391437464642514,0.24667836214189387
E10,hector,Gradient Boosting Regressor,142,45.978873239436616,554.0259319327856,266.37042516619834,-0.6603531827483575,0.3358614896888389
E10,hector,Ridge,142,45.978873239436616,488.375379325233,252.87975270015625,-0.29017260559316616,0.2409208913282292
E10,hector,Lasso,142,45.978873239436616,484.5871520428621,247.07745330448375,-0.2702350258885793,0.24240747497293957
E10,hector,SVR,142,45.978873239436616,432.4143564678608,46.02999024084367,-0.011440878022156653,-0.07584149521254248
E11,handlebars.java,Random Forest Regressor,427,352.25058548009366,1870.2720994640028,359.1563700234192,-0.0320790091410843,-0.02882716917944072
E11,handlebars.java,Extra Trees Regressor,427,352.25058548009366,1810.9842464897251,355.7362295081967,0.03231791720373267,0.1618088960122671
E11,handlebars.java,Gradient Boosting Regressor,427,352.25058548009366,2007.4745605959645,520.6642952030396,-0.1890591408893454,-0.13266781990902388
E11,handlebars.java,Ridge,427,352.25058548009366,1829.313581681772,431.4685139395452,0.012630579775910644,0.24972739473975875
E11,handlebars.java,Lasso,427,352.25058548009366,1829.5359259683185,429.71497256110945,0.012390545160449684,0.2511349537468966
E11,handlebars.java,SVR,427,352.25058548009366,1874.3586831971434,352.365584401257,-0.03659416514209246,-0.004275156083887121
E12,assertj-core,Random Forest Regressor,6261,0.15556620348187192,109.19408498729072,18.980224804344353,-77.70338061610674,-0.010603407851253641
E12,assertj-core,Extra Trees Regressor,6261,0.15556620348187192,152.83523607689244,17.698671138795717,-153.1850070106063,-0.008401218366392568
E12,assertj-core,Gradient Boosting Regressor,6261,0.15556620348187192,71.56005939432664,45.249742997731005,-32.80154452255497,-0.00784135343935797
E12,assertj-core,Ridge,6261,0.15556620348187192,125.2214761774998,81.854693598883,-102.50296689540255,0.0029719992322989578
E12,assertj-core,Lasso,6261,0.15556620348187192,125.37298386788714,79.43463499755435,-102.75357857323333,0.002916055717338036
E12,assertj-core,SVR,6261,0.15556620348187192,12.309621897681417,0.21058270716430108,-0.00019478842087372605,0.009629277512648622
E13,http-request,Random Forest Regressor,163,21.478527607361965,580.8640300327518,118.30950920245401,-71.91141555133308,-0.110670057723922
E13,http-request,Extra Trees Regressor,163,21.478527607361965,150.05344350180192,52.13030674846627,-3.8656234429154113,0.006146768769932152
E13,http-request,Gradient Boosting Regressor,163,21.478527607361965,153.3707293491317,76.77980270732003,-4.083133646696383,-0.2312842224988614
E13,http-request,Ridge,163,21.478527607361965,287.67054950042933,270.7356882276641,-16.882876139716945,-0.022516303911254518
E13,http-request,Lasso,163,21.478527607361965,289.488849903992,273.3280122205663,-17.109657820972323,-0.05135572310070494
E13,http-request,SVR,163,21.478527607361965,71.29450731804211,21.58435747557896,-0.0983954040046886,0.1888895321438739
E14,ninja,Random Forest Regressor,306,1.5555555555555556,314.98925469818806,99.30065631808279,-133.43754895618792,0.019285185067557522
E14,ninja,Extra Trees Regressor,306,1.5555555555555556,484.4680632372104,119.1111274509804,-317.0236475082285,0.0911135499798203
E14,ninja,Gradient Boosting Regressor,306,1.5555555555555556,305.7927693179038,151.45270361515625,-125.702018051792,0.060015275371254714
E14,ninja,Ridge,306,1.5555555555555556,194.23262811478554,168.8941262308386,-50.11795616886084,0.07422107136956332
E14,ninja,Lasso,306,1.5555555555555556,192.88472692667852,168.3448327570158,-49.41093925071805,0.07292463344171068
E14,ninja,SVR,306,1.5555555555555556,27.213157127142946,1.7863470021891175,-0.0034297354792942603,0.04440299902895273
E15,orbit,Random Forest Regressor,86,731.8953488372093,3597.9230003556736,894.030930232558,0.04066373755929986,0.18944895606830217
E15,orbit,Extra Trees Regressor,86,731.8953488372093,3596.900747252725,752.6438372093023,0.041208799337102864,0.421985019432769
E15,orbit,Gradient Boosting Regressor,86,731.8953488372093,3396.042171632405,781.9048188452161,0.14530083295438911,0.12652143686296052
E15,orbit,Ridge,86,731.8953488372093,3675.564540149532,848.016437486061,-0.001187082319850541,0.12266191632047331
E15,orbit,Lasso,86,731.8953488372093,3676.82265507417,846.600045919952,-0.001872595510305164,0.12225513367687908
E15,orbit,SVR,86,731.8953488372093,3745.495860913479,731.9466644911464,-0.039646688118766926,0.26251039933280235
E16,logback,Random Forest Regressor,842,5.066508313539193,256.9536069476291,42.73226840855107,-2.798405403888248,0.02244631612550387
E16,logback,Extra Trees Regressor,842,5.066508313539193,413.6408223003115,97.12110451306414,-8.843253364436572,0.06338304389004583
E16,logback,Gradient Boosting Regressor,842,5.066508313539193,279.7562017555853,110.79648373144849,-3.5024751462703714,-0.002159816358498163
E16,logback,Ridge,842,5.066508313539193,265.95764437124836,210.84222847511137,-3.0692730640724077,0.020177726890136482
E16,logback,Lasso,842,5.066508313539193,264.2348231190005,210.28830638842018,-3.0167239193259423,0.019491263902802973
E16,logback,SVR,842,5.066508313539193,131.91172131747774,5.129488909130091,-0.0010566461053320708,0.0026780495432090993
E17,spring-boot,Random Forest Regressor,2127,369.0860366713681,1503.1636076053717,401.5256840620592,-0.057695764085083034,0.09660369414907294
E17,spring-boot,Extra Trees Regressor,2127,369.0860366713681,1495.4563605053727,417.7487588152327,-0.04687721620925922,0.0017010682045302276
E17,spring-boot,Gradient Boosting Regressor,2127,369.0860366713681,1486.1670186249482,418.3131188148725,-0.03391181407214394,-0.019740537744242767
E17,spring-boot,Ridge,2127,369.0860366713681,1836.3287539493676,925.8346569616583,-0.5785165109588517,-0.07211970882744785
E17,spring-boot,Lasso,2127,369.0860366713681,1828.503371546337,913.9724979849931,-0.5650917081638807,-0.0717567815231555
E17,spring-boot,SVR,2127,369.0860366713681,1507.4514145404848,369.35478551862644,-0.06373857084424328,-0.05207093367067009
E18,okhttp,Random Forest Regressor,810,1294.153086419753,4646.8271732130415,2546.9961975308643,-0.9491470017142318,-0.08885871845619
E18,okhttp,Extra Trees Regressor,810,1294.153086419753,3583.300876030385,1419.2964320987655,-0.15903914796085283,-0.07036120938679209
E18,okhttp,Gradient Boosting Regressor,810,1294.153086419753,4423.915766365391,2485.964880429117,-0.7666285795197232,-0.06363091157751254
E18,okhttp,Ridge,810,1294.153086419753,3547.7251294861035,1367.1780761326818,-0.13613903650020442,-0.11272558517613651
E18,okhttp,Lasso,810,1294.153086419753,3547.9860219403063,1365.5903039667562,-0.13630614132903163,-0.11441293336472332
E18,okhttp,SVR,810,1294.153086419753,3571.1078977014686,1294.1874048804032,-0.15116479086505064,0.08363432485626254
E19,java-websocket,Random Forest Regressor,145,14.779310344827586,213.0626656400768,63.78468965517241,-19.082735612362054,0.14566002771174508
E19,java-websocket,Extra Trees Regressor,145,14.779310344827586,152.5369887601037,45.09965517241379,-9.293391612842726,0.34678439699405583
E19,java-websocket,Gradient Boosting Regressor,145,14.779310344827586,114.38517590067626,59.05173900104193,-4.788254887879802,0.2796084995968099
E19,java-websocket,Ridge,145,14.779310344827586,207.63485940192754,179.35867954652076,-18.07254703992735,-0.5509039632998172
E19,java-websocket,Lasso,145,14.779310344827586,203.30089111563984,175.12140906735033,-17.28465300393705,-0.5572705946793608
E19,java-websocket,SVR,145,14.779310344827586,49.35553057163457,14.875902124612903,-0.07765514899496218,0.395733959613848
E20,undertow,Random Forest Regressor,183,0.5027322404371585,517.4741530996785,140.27983606557376,-15313.843116498729,0.063040474694264
E20,undertow,Extra Trees Regressor,183,0.5027322404371585,251.69388034639448,128.03076502732242,-3622.101826859178,0.08677776307189423
E20,undertow,Gradient Boosting Regressor,183,0.5027322404371585,124.56017405335272,62.515019956897234,-886.347316490347,0.04365796465557581
E20,undertow,Ridge,183,0.5027322404371585,188.83439505665652,138.50428656002802,-2038.3765914390963,-0.2449091861730673
E20,undertow,Lasso,183,0.5027322404371585,181.28773664753678,131.90176862108376,-1878.6287587332774,-0.2475815227328519
E20,undertow,SVR,183,0.5027322404371585,4.14279878915677,0.8943334879308515,0.018426310896488274,0.2240048555317537
E21,wildfly,Random Forest Regressor,1236,0.08414239482200647,594.5113618693485,216.43401294498378,-220717.28479619249,0.14221094778148424
E21,wildfly,Extra Trees Regressor,1236,0.08414239482200647,406.1777180338484,165.31194174757283,-103025.79393619364,0.1261595459558111
E21,wildfly,Gradient Boosting Regressor,1236,0.08414239482200647,643.4410651747768,267.1179799366692,-258543.64315227108,0.06021155368517893
E21,wildfly,Ridge,1236,0.08414239482200647,239.60279627331366,195.50537542744414,-35850.0400320509,-0.05680787690677643
E21,wildfly,Lasso,1236,0.08414239482200647,246.85041810228128,196.4015467177965,-38051.72205569736,-0.06522659930672113
E21,wildfly,SVR,1236,0.08414239482200647,1.2903689651608288,0.28064130875083404,-0.03979042321064541,0.12944491840401176
E22,wro4j,Random Forest Regressor,1145,18.249781659388645,1113.3822056101603,289.0057903930131,-11.31543307372474,0.030365337777860636
E22,wro4j,Extra Trees Regressor,1145,18.249781659388645,591.8316539970116,179.37154585152837,-2.479825895539492,0.07325804885309194
E22,wro4j,Gradient Boosting Regressor,1145,18.249781659388645,817.705866669133,271.49208211204797,-5.642864038610781,-0.026116335823656016
E22,wro4j,Ridge,1145,18.249781659388645,363.382941529749,157.35105283279776,-0.31186821190981884,0.02146491311855751
E22,wro4j,Lasso,1145,18.249781659388645,362.0838858969977,157.4419092390276,-0.30250539683819033,0.02102702071694744
E22,wro4j,SVR,1145,18.249781659388645,317.7839046196217,19.223527034885826,-0.0032864117017561423,-0.014881529995161775
E23,zxing,Random Forest Regressor,345,2.0405797101449274,177.41545413054587,54.725884057971015,-42.7572684263405,-0.030433545694736375
E23,zxing,Extra Trees Regressor,345,2.0405797101449274,588.0702239432768,188.23965217391307,-479.7570801112191,0.07803217918245942
E23,zxing,Gradient Boosting Regressor,345,2.0405797101449274,197.62805395201184,111.70941266321239,-53.295582522373486,-0.027400248575261146
E23,zxing,Ridge,345,2.0405797101449274,470.1008359732337,387.53204767932607,-306.2199085737743,-0.012005354907221625
E23,zxing,Lasso,345,2.0405797101449274,458.0241297751335,377.9071510163663,-290.63794213922927,-0.012387606118632606
E23,zxing,SVR,345,2.0405797101449274,26.898165938465333,2.1462767140518975,-0.0058023490027432345,-0.05311513926001423
